Corpus Name,genre,Personal Pronouns,Demonstrative Pronouns,Quidam,Reflexive Pronouns,Iste,Alius,Ipse,Idem,Priusquam,Antequam,Quominus,Dum,Quin,Ut,Conditionals,Prepositions,Interrogative Sentences,Superlatives,Atque + consonant,Relative Clauses,Mean Length Relative Clauses,Gerunds and Gerundives,Cum,Conjunctions,Vocatives,Mean Sentence Length
Ammianus Rerum Gestarum Part 14,history,0.00036,0.00429,0.00088,0.00066,0.00002,0.00051,0.00021,0.0006,0,0.00002,0,0.00017,0.00002,0.00202,0.00051,0.00395,0.00004,0.00039,0.00021,0.61132,34.46091,0.00024,0.00058,0.01244,0,199.94757
Ammianus Rerum Gestarum Part 15,history,0.00042,0.00404,0.00049,0.0008,0,0.00056,0.00042,0.00036,0,0.00007,0,0.00027,0,0.00233,0.00033,0.00364,0,0.00053,0.00004,0.47984,35.01695,0.00036,0.0004,0.01187,0,181.45161
Ammianus Rerum Gestarum Part 16,history,0.00034,0.00361,0.0008,0.00098,0.00004,0.0005,0.0004,0.00028,0,0.00004,0,0.0002,0.00002,0.00191,0.00046,0.00349,0.00008,0.00052,0.00004,0.54167,34.62222,0.00046,0.00058,0.01251,0.00002,204.14344
Ammianus Rerum Gestarum Part 17,history,0.00054,0.0033,0.00039,0.0008,0,0.00043,0.00035,0.00035,0,0.00004,0,0.00026,0,0.00201,0.0005,0.00291,0.00004,0.00045,0.00009,0.49071,32.27273,0.00037,0.00039,0.01302,0,170.93727
Ammianus Rerum Gestarum Part 18,history,0.00076,0.00336,0.00048,0.00048,0,0.00033,0.00036,0.00036,0,0,0,0.00054,0.00006,0.00166,0.00036,0.00375,0.00012,0.001,0.00006,0.56757,31.62595,0.00045,0.0007,0.0124,0,217.49342
Ammianus Rerum Gestarum Part 19,history,0.00048,0.00228,0.00058,0.00029,0,0.00077,0.00029,0.00024,0.00003,0.00005,0.00003,0.00034,0,0.00188,0.00024,0.00371,0,0.0005,0.00003,0.53757,35.57333,0.00016,0.00042,0.01194,0,218.2659
Ammianus Rerum Gestarum Part 20,history,0.00045,0.00322,0.0004,0.00054,0,0.0004,0.00035,0.00042,0,0.00005,0,0.00028,0,0.00165,0.0004,0.00294,0,0.00061,0.00012,0.57466,31.47312,0.00019,0.00087,0.01317,0,192.36199
Ammianus Rerum Gestarum Part 21,history,0.00041,0.00412,0.00054,0.00088,0,0.00063,0.0003,0.00028,0,0.00009,0,0.00028,0.00009,0.00222,0.00052,0.0036,0.00004,0.00058,0.00004,0.52823,31.8806,0.0006,0.00063,0.01377,0,185.564
Ammianus Rerum Gestarum Part 22,history,0.00031,0.00408,0.00065,0.00058,0,0.00063,0.00044,0.00051,0,0.00003,0,0.00019,0.00007,0.00169,0.00035,0.00408,0.00005,0.00054,0.00005,0.63667,36.86207,0.00047,0.00045,0.01376,0.00005,189.24752
Ammianus Rerum Gestarum Part 23,history,0.00036,0.00436,0.00041,0.00046,0,0.00064,0.00057,0.00046,0,0.00009,0,0.00011,0,0.00178,0.00043,0.00422,0,0.001,0.00011,0.55762,36.38863,0.00023,0.00034,0.01556,0,162.95911
Ammianus Rerum Gestarum Part 24,history,0.00045,0.00241,0.00042,0.00076,0.00003,0.00068,0.00055,0.00018,0,0.00003,0,0.00024,0.00003,0.00152,0.00026,0.00309,0,0.00087,0.00008,0.53365,33.79878,0.00047,0.00071,0.01182,0,183.40865
Ammianus Rerum Gestarum Part 25,history,0.0005,0.00349,0.00072,0.00052,0.00005,0.0005,0.00038,0.0002,0,0.00005,0,0.00041,0,0.00206,0.0005,0.00356,0.00005,0.00061,0.00009,0.5617,31.6911,0.00032,0.00061,0.01277,0.00002,186.31646
Ammianus Rerum Gestarum Part 26,history,0.00019,0.00335,0.00081,0.00074,0,0.00043,0.00036,0.0005,0,0.00002,0.00002,0.00019,0.00002,0.002,0.00045,0.00324,0,0.00081,0.00017,0.5544,30.47059,0.0005,0.00036,0.01156,0,217.81865
Ammianus Rerum Gestarum Part 27,history,0.00041,0.00382,0.00044,0.00078,0,0.00051,0.00039,0.00051,0,0.0001,0,0.00022,0,0.00182,0.00046,0.00408,0.00007,0.0007,0.00002,0.61972,32.88021,0.00051,0.00053,0.01244,0,190.49537
Ammianus Rerum Gestarum Part 28,history,0.00013,0.00442,0.00097,0.00088,0,0.0006,0.00047,0.00047,0,0.00006,0,0.00028,0.00004,0.00277,0.00056,0.00369,0.00004,0.00056,0.00011,0.5679,34.44503,0.00045,0.00058,0.01232,0,190.15918
Ammianus Rerum Gestarum Part 29,history,0.00014,0.00348,0.00067,0.00069,0.00002,0.00047,0.00071,0.0004,0,0.00002,0,0.00028,0.00002,0.0019,0.00045,0.00364,0.00006,0.00053,0.00012,0.69397,31.93802,0.00041,0.00051,0.01112,0.00002,216.29487
Ammianus Rerum Gestarum Part 30,history,0.00023,0.00463,0.00061,0.00078,0,0.00046,0.00061,0.00035,0,0.00003,0,0.00015,0,0.00238,0.00068,0.00341,0,0.00051,0.00018,0.66667,32.06186,0.00038,0.00066,0.01204,0,223.41243
Ammianus Rerum Gestarum Part 31,history,0.00013,0.00299,0.00045,0.00065,0,0.00054,0.00046,0.00052,0,0.00002,0,0.00027,0,0.00167,0.0003,0.00345,0,0.00037,0.00013,0.50602,34.2008,0.00032,0.00027,0.01367,0,189.51807
Apuleius Apologia,oratory,0.00482,0.00585,0.00035,0.00091,0.00075,0.00047,0.00079,0.00047,0.00007,0.00002,0,0.0001,0.00019,0.0019,0.00193,0.00384,0.00182,0.00095,0.00003,0.56138,34.9986,0.00059,0.00046,0.01313,0.00006,131.72293
Apuleius Florida,oratory,0.00316,0.00532,0.00034,0.00093,0.00029,0.00055,0.00057,0.0004,0.00008,0,0,0.00015,0.00032,0.00135,0.00109,0.00303,0.00053,0.0012,0.00004,0.55118,34.39286,0.00055,0.00038,0.015,0.00004,170.36201
Apuleius Metamorphoses Part 1,miscellaneous,0.00582,0.00574,0.00026,0.00047,0.00103,0.00043,0.0009,0.00017,0.00004,0,0,0.00047,0.00009,0.00141,0.00047,0.00206,0.00176,0.00051,0.00017,0.40769,34.80952,0.00009,0.00013,0.01709,0.00004,134.2069
Apuleius Metamorphoses Part 10,miscellaneous,0.00205,0.00375,0.00046,0.00102,0.00062,0.00043,0.00094,0.00016,0.00005,0.00003,0,0.00011,0.00003,0.00084,0.00046,0.0021,0.00019,0.00146,0.00024,0.55484,41.27536,0.00016,0.00027,0.0142,0,227.68712
Apuleius Metamorphoses Part 11,miscellaneous,0.00333,0.0022,0.00028,0.00031,0.0006,0.00038,0.0011,0.00019,0,0,0,0.00013,0.00006,0.00041,0.00025,0.00207,0.00022,0.00069,0.00006,0.50714,49.0087,0.00031,0.00016,0.01303,0,215.18919
Apuleius Metamorphoses Part 2,miscellaneous,0.00412,0.00495,0.00063,0.00021,0.0007,0.00049,0.00098,0.00007,0.00003,0.00003,0,0.00042,0.00017,0.00105,0.00035,0.00251,0.00073,0.00059,0.00007,0.39873,44.17778,0.00021,0.00031,0.01632,0.00007,160.17318
Apuleius Metamorphoses Part 3,miscellaneous,0.00503,0.00357,0.00071,0.00036,0.00095,0.00024,0.00111,0,0.00008,0,0,0.00024,0.00004,0.00079,0.00036,0.00274,0.00032,0.00087,0.0002,0.58261,41.97959,0.00012,0.00044,0.01506,0,205.09756
Apuleius Metamorphoses Part 4,miscellaneous,0.00281,0.00318,0.00059,0.00092,0.00052,0.00025,0.00086,0,0,0,0,0.00018,0.00003,0.00068,0.00025,0.00256,0.00059,0.00083,0.00018,0.48387,47.92941,0.00031,0.00025,0.01508,0.00003,226.83217
Apuleius Metamorphoses Part 5,miscellaneous,0.0042,0.00498,0.00025,0.0011,0.00089,0.00043,0.00093,0.00004,0.00004,0,0,0.00025,0,0.001,0.00075,0.00242,0.00075,0.00064,0.00032,0.39041,40.57534,0.00014,0.00028,0.01562,0,168.29341
Apuleius Metamorphoses Part 6,miscellaneous,0.00366,0.00315,0.00025,0.00065,0.00112,0.0004,0.00094,0,0,0.00004,0,0.00033,0.00007,0.00051,0.00044,0.00228,0.0012,0.00054,0.00029,0.42537,42.01389,0.00022,0.00033,0.01679,0.00004,166.13855
Apuleius Metamorphoses Part 7,miscellaneous,0.00444,0.00387,0.00061,0.00061,0.00069,0.00038,0.00103,0.00027,0,0,0,0.00015,0.00015,0.0008,0.00046,0.00214,0.00065,0.00122,0.00038,0.40833,40.11111,0.00034,0.00031,0.0168,0,192.125
Apuleius Metamorphoses Part 8,miscellaneous,0.00256,0.00379,0.00078,0.00094,0.00045,0.00062,0.00065,0.0001,0.00003,0,0,0.00019,0.00013,0.00055,0.00026,0.00272,0.00045,0.00091,0.0001,0.40385,43.71111,0.00023,0.00013,0.01523,0.00003,181.57647
Apuleius Metamorphoses Part 9,miscellaneous,0.00244,0.00481,0.00074,0.00105,0.00048,0.00031,0.00084,0.00012,0,0,0,0.00024,0.00007,0.00108,0.00031,0.00287,0.00038,0.00096,0.00022,0.42564,44.01724,0.0001,0.00019,0.015,0.00002,197.22642
Augustine Epistulae Selections Part 1 1-10,letters,0.00628,0.00666,0.00023,0.00047,0.00058,0.00049,0.00096,0.0003,0,0.00002,0,0.00015,0,0.00235,0.00237,0.00382,0.00107,0.00096,0.00032,0.62069,33.17529,0.00077,0.00083,0.01599,0,138.16224
Augustine Epistulae Selections Part 2 11-20,letters,0.0067,0.00568,0.00029,0.00044,0.00049,0.00058,0.00112,0.00049,0,0.00005,0.00005,0.00034,0,0.00247,0.00286,0.00369,0.00126,0.00087,0.00029,0.60317,30.16949,0.00068,0.00073,0.01494,0.0001,136.48344
Augustine Epistulae Selections Part 3 21-30,letters,0.0059,0.00703,0.00026,0.00055,0.00032,0.00076,0.00103,0.00026,0,0.00011,0,0.00016,0,0.00245,0.002,0.0044,0.00047,0.00161,0.00018,0.78846,34.06818,0.00055,0.00061,0.01512,0.00003,167.98673
Augustine Epistulae Selections Part 4 31-40,letters,0.00568,0.0068,0.00011,0.00059,0.00074,0.00043,0.00102,0.0003,0.00004,0.00004,0,0.00011,0,0.00234,0.00234,0.00407,0.0008,0.00132,0.00039,0.59286,29.58333,0.00069,0.00048,0.01517,0,146.03481
Augustine Epistulae Selections Part 5 41-50,letters,0.00488,0.00743,0.00018,0.00103,0.00038,0.0007,0.0014,0.00029,0,0.00004,0,0.00009,0,0.00254,0.00209,0.00493,0.00077,0.00065,0.00022,0.675,29.84778,0.00083,0.00058,0.01627,0,153.94737
Augustine Epistulae Selections Part 6 51-62,letters,0.00704,0.00669,0.0002,0.00089,0.00068,0.00052,0.00133,0.0003,0.00002,0.00002,0,0.00015,0,0.00259,0.00251,0.00462,0.00089,0.00091,0.00026,0.65017,29.04396,0.00126,0.00044,0.01754,0.00002,154.15385
Caesar Augustus Res Gestae Divi Augusti,history,0.00264,0.0035,0,0.00007,0,0.00026,0.0002,0.00046,0.00007,0,0,0,0,0.0004,0.00013,0.00561,0,0.00013,0,0.55652,45.86957,0.00033,0.00059,0.01598,0,131.65217
Caesar De Bello Civili Part 1,history,0.0001,0.00572,0.00003,0.0024,0,0.00034,0.00063,0.00051,0.00003,0,0.00003,0.00012,0.00006,0.00151,0.00054,0.00497,0.00009,0.00051,0.00007,0.46476,41.71866,0.00044,0.00041,0.01358,0,128.12429
Caesar De Bello Civili Part 2,history,0.00099,0.0054,0.00018,0.00216,0,0.00038,0.00053,0.00056,0.00005,0,0.00005,0.00005,0.00018,0.0016,0.00036,0.00519,0.00064,0.00051,0.0001,0.48454,38.39796,0.00036,0.00038,0.01329,0,124.67302
Caesar De Bello Civili Part 3,history,0.00034,0.00628,0.00024,0.0017,0,0.00029,0.0005,0.00064,0.00004,0.00001,0.00001,0.00003,0.00006,0.00166,0.00042,0.00484,0.00003,0.00045,0.00004,0.51429,40.53419,0.00062,0.0008,0.01427,0,148.72512
Caesar De Bello Gallico Part 1,history,0.00019,0.008,0.00004,0.00348,0,0.00025,0.00087,0.00041,0.00002,0,0.00004,0.0001,0.00015,0.00153,0.00114,0.00539,0.00019,0.00085,0.00006,0.62215,40.88439,0.0006,0.0006,0.01186,0,152.66456
Caesar De Bello Gallico Part 2,history,0.00063,0.00618,0.00004,0.0023,0,0.00048,0.00052,0.00036,0.00008,0,0,0,0.00008,0.00155,0.00059,0.00583,0.00004,0.00075,0.00008,0.61594,43.69872,0.0004,0.00091,0.0128,0,181.48921
Caesar De Bello Gallico Part 3,history,0.00036,0.0061,0.00005,0.00194,0,0.00045,0.00041,0.00054,0.00005,0,0,0.00005,0.00014,0.00118,0.00041,0.00466,0,0.00041,0.00005,0.66116,40.99275,0.00054,0.00104,0.01347,0,182.80165
Caesar De Bello Gallico Part 4,history,0.0004,0.00733,0.00004,0.00294,0,0.00025,0.00044,0.00047,0.00007,0,0.00004,0.00018,0.00007,0.00116,0.00069,0.00516,0.00004,0.00065,0.00018,0.69565,44.47343,0.00076,0.00073,0.01289,0,170.02469
Caesar De Bello Gallico Part 5,history,0.0004,0.00678,0.00011,0.00213,0,0.00026,0.00053,0.00033,0.00004,0,0,0.00009,0.00007,0.00138,0.00057,0.00571,0.00011,0.00057,0.00007,0.5,41.65236,0.00037,0.00066,0.01253,0,152.38796
Caesar De Bello Gallico Part 6,history,0.00024,0.00676,0.00009,0.00223,0,0.00042,0.00054,0.0006,0.00006,0,0,0.00003,0.00003,0.00149,0.00077,0.00527,0.00003,0.00045,0.00009,0.51261,40.47895,0.00024,0.0006,0.01387,0,140.57741
Caesar De Bello Gallico Part 7,history,0.00041,0.00539,0.00005,0.00176,0.00001,0.0003,0.0007,0.00044,0.00005,0,0.00001,0.00014,0.0001,0.00133,0.00066,0.00532,0.00014,0.00036,0.00003,0.55601,43.78571,0.0006,0.00056,0.01053,0,145.18563
Caesar De Bello Gallico Part 8,history,0.00062,0.00343,0.00012,0.00145,0,0.00005,0.00081,0.0005,0,0,0.00002,0.00007,0.00007,0.00098,0.00048,0.00295,0,0.00069,0.00002,0.60569,41.61217,0.00062,0.00143,0.01031,0,170.02024
Celsus De Medicina Part 1,technical treatise,0.00019,0.00797,0.00042,0.00085,0.00035,0.00181,0.00071,0.00073,0,0.00002,0.00002,0.00007,0.00005,0.0011,0.00303,0.00414,0.00007,0.00066,0.00012,0.59355,28.66343,0.00148,0.00075,0.01885,0,135.91054
Celsus De Medicina Part 2,technical treatise,0.00008,0.00619,0.00071,0.00041,0.00008,0.00081,0.00055,0.00074,0,0.00005,0.00005,0.00003,0.00005,0.00121,0.00449,0.00394,0.00003,0.0006,0.00018,0.55172,26.00826,0.00076,0.00034,0.02201,0,147.10303
Celsus De Medicina Part 3,technical treatise,0.00007,0.00727,0.00063,0.00057,0.00008,0.00106,0.00075,0.00064,0,0.00003,0.00004,0.00012,0.00007,0.00158,0.00444,0.00428,0.00001,0.00069,0.00003,0.48662,26.35452,0.003,0.00057,0.01935,0,122.40833
Celsus De Medicina Part 4,technical treatise,0.00007,0.00704,0.00044,0.00048,0.0001,0.00043,0.00056,0.00071,0,0.00003,0.00002,0.00018,0.00002,0.00113,0.00324,0.00451,0,0.00054,0.00013,0.45094,29.34627,0.00209,0.00048,0.02053,0,126.39085
Celsus De Medicina Part 5,technical treatise,0.00005,0.00677,0.00075,0.00029,0.00003,0.00082,0.00037,0.00097,0,0.00002,0.00004,0.00017,0.00001,0.00093,0.00264,0.00381,0,0.00036,0.00007,0.52036,27.49918,0.00128,0.0003,0.01954,0,122.76426
Celsus De Medicina Part 6,technical treatise,0.00013,0.008,0.00069,0.00043,0.00006,0.00051,0.00058,0.00124,0,0.00002,0.00006,0.00011,0.00002,0.00088,0.00291,0.00456,0,0.00042,0.00006,0.52075,29.04469,0.00328,0.00042,0.01891,0,129.12863
Celsus De Medicina Part 7,technical treatise,0.0001,0.00831,0.00072,0.00054,0.00004,0.00055,0.00105,0.00095,0.00001,0.00005,0.00001,0.00004,0.00004,0.00205,0.00345,0.00477,0,0.00026,0.00005,0.57507,27.27871,0.00267,0.00031,0.01891,0,130.0241
Celsus De Medicina Part 8,technical treatise,0.00003,0.00808,0.00048,0.00066,0.00002,0.00045,0.00077,0.00126,0,0.00003,0.00002,0.00008,0.00005,0.00168,0.00341,0.00461,0,0.00035,0.0001,0.5614,27.04691,0.00304,0.00032,0.01892,0,136.7221
Cicero Academica,philosophy,0.00303,0.00848,0.00113,0.00099,0.00037,0.00113,0.00124,0.00062,0,0,0,0.00015,0.00011,0.0023,0.00157,0.00424,0.00051,0.00048,0.00029,0.69737,39.64317,0.00102,0.00095,0.02018,0,165.78182
Cicero Brutus,philosophy,0.00297,0.00775,0.00058,0.00075,0.00038,0.00047,0.00106,0.00081,0.00001,0.00003,0.00001,0.00005,0.00005,0.00215,0.00112,0.00341,0.00079,0.0008,0.00012,0.55439,34.37766,0.00054,0.00106,0.01778,0.00001,130.89736
Cicero Cum Populo Gratias Egit,oratory,0.00809,0.00498,0.00013,0.00084,0,0.00006,0.00065,0.00091,0.00006,0,0,0.00013,0.00019,0.00136,0.00097,0.00311,0.00026,0.00194,0.00013,0.64706,34.60177,0.00045,0.00123,0.01347,0,217.56338
Cicero De Amicitia,philosophy,0.00206,0.00736,0.00068,0.00155,0.00035,0.00047,0.00115,0.00056,0,0.00004,0,0.00004,0.0001,0.00338,0.002,0.00453,0.00091,0.00087,0.00017,0.62873,32.34266,0.00078,0.00084,0.01748,0,124.35749
Cicero De Divinatione,philosophy,0.00215,0.00713,0.00053,0.00077,0.00035,0.00052,0.00088,0.00082,0.00001,0.00003,0,0.00007,0.00005,0.00205,0.00174,0.00344,0.00258,0.00033,0.00026,0.57434,29.92163,0.00062,0.00109,0.01587,0.00003,109.39366
Cicero De Domo Sua,oratory,0.00587,0.00644,0.00012,0.00075,0.00068,0.00033,0.00077,0.00046,0,0.00002,0.00001,0.00001,0.00004,0.00145,0.00195,0.00405,0.00318,0.0014,0.00014,0.59544,34.71934,0.00049,0.00095,0.01294,0.00008,143.48241
Cicero De Fato,philosophy,0.00151,0.01036,0.00068,0.00053,0.00026,0.00113,0.0006,0.00045,0,0,0.00004,0.00004,0.00004,0.00305,0.00317,0.00369,0.00128,0.00019,0.00008,0.59639,24.48901,0.00045,0.0009,0.01609,0,132.00498
Cicero De Finibus Bonorum Et Malorum Part 1,philosophy,0.00276,0.00757,0.00047,0.00109,0.0003,0.0005,0.00154,0.00052,0,0.00002,0.00007,0.00002,0.00002,0.00258,0.00224,0.00402,0.00119,0.00042,0.00022,0.67857,29.47756,0.00097,0.00079,0.01887,0,136.03716
Cicero De Finibus Bonorum Et Malorum Part 2,philosophy,0.00337,0.0084,0.00031,0.00138,0.00071,0.0006,0.00144,0.00067,0,0,0.00001,0.0001,0.00006,0.0027,0.00282,0.0032,0.00246,0.00063,0.00016,0.54281,27.09592,0.00065,0.00087,0.01454,0.00004,96.45582
Cicero De Finibus Bonorum Et Malorum Part 3,philosophy,0.00207,0.00996,0.00075,0.00132,0.0004,0.00099,0.00134,0.00078,0,0,0.00009,0.00007,0.00007,0.00343,0.00188,0.00392,0.00078,0.00038,0.00016,0.71044,26.92991,0.00162,0.00096,0.01823,0,129
Cicero De Finibus Bonorum Et Malorum Part 4,philosophy,0.00288,0.01077,0.00056,0.00088,0.00073,0.00105,0.00092,0.0009,0.00002,0.00004,0.00002,0.00006,0.00009,0.00288,0.00221,0.00425,0.00191,0.00047,0.00011,0.62928,26.86352,0.00135,0.0009,0.01648,0.00002,115.47891
Cicero De Finibus Bonorum Et Malorum Part 5,philosophy,0.00269,0.00846,0.00066,0.00195,0.00043,0.00076,0.0015,0.00053,0,0,0.00002,0.0001,0.00028,0.00338,0.00178,0.00354,0.00176,0.00049,0.00013,0.57143,28.0133,0.00122,0.00091,0.01711,0.00002,112.52319
Cicero De Haruspicum Responso,philosophy,0.00412,0.00859,0.00028,0.00093,0.00044,0.00037,0.00114,0.00072,0,0,0.00002,0,0.00007,0.00144,0.00144,0.00403,0.00198,0.0014,0.00033,0.62555,34.27667,0.00028,0.0007,0.01304,0.00005,142.71429
Cicero De Imperio Cn Pompei,oratory,0.00367,0.00724,0.00016,0.0007,0.00031,0.00047,0.00109,0.00083,0,0,0.00005,0.00005,0.0001,0.0018,0.00073,0.00463,0.00182,0.00143,0.00049,0.63068,43.79535,0.00083,0.00073,0.01502,0,160.74059
Cicero De Inventione Part 1,technical treatise,0.00109,0.00916,0.00072,0.00067,0.00006,0.00068,0.00084,0.00053,0,0.00001,0,0,0.00002,0.00184,0.00288,0.00569,0.00045,0.00074,0.00002,0.61881,29.21353,0.00096,0.00095,0.01544,0,134.2155
Cicero De Inventione Part 2,technical treatise,0.00074,0.00956,0.00085,0.00109,0.00005,0.00076,0.00128,0.00042,0,0.00001,0.00002,0.00005,0.00001,0.00174,0.00249,0.00657,0.00033,0.00044,0.00005,0.64,28.71028,0.00077,0.00092,0.01603,0,148.33384
Cicero De Lege Agraria Contra Rullum,oratory,0.0045,0.00748,0.00013,0.00068,0.00044,0.00036,0.00078,0.00061,0,0.00001,0.00001,0.00001,0.00013,0.00176,0.00154,0.0032,0.00182,0.00089,0.00031,0.54348,36.11492,0.00053,0.00066,0.0118,0.00001,124.36349
Cicero De Natura Deorum Part 1,philosophy,0.00283,0.00642,0.00056,0.00061,0.00058,0.00079,0.00103,0.00087,0,0.00003,0.00002,0.00002,0.00002,0.00216,0.00187,0.00341,0.00195,0.0004,0.00037,0.63736,37.52804,0.00063,0.00071,0.0167,0,128.14227
Cicero De Natura Deorum Part 2,philosophy,0.00112,0.00703,0.00052,0.00087,0.00009,0.00087,0.00103,0.00086,0.00001,0,0.00001,0.00008,0.00016,0.00237,0.00104,0.00358,0.00042,0.00063,0.00048,0.65209,40.94928,0.00137,0.00075,0.0198,0,156.90519
Cicero De Natura Deorum Part 3,philosophy,0.0036,0.00716,0.00022,0.00052,0.00052,0.00038,0.00068,0.00082,0,0.00002,0,0.00004,0.00006,0.00209,0.00231,0.00378,0.00137,0.00024,0.00006,0.63934,34.39853,0.00084,0.00066,0.01596,0.00002,134.80217
Cicero De Officiis Part 1,philosophy,0.00082,0.00705,0.00055,0.00098,0.00001,0.00086,0.00086,0.00065,0.00001,0,0.00004,0.00006,0.00004,0.00298,0.00159,0.0033,0.00017,0.00064,0.00024,0.67658,30.41259,0.00141,0.00048,0.02034,0.00002,149.80762
Cicero De Officiis Part 2,philosophy,0.00132,0.00771,0.00024,0.00102,0.00008,0.00075,0.00075,0.00049,0,0,0.00002,0.00006,0.0001,0.0023,0.00142,0.00346,0.00087,0.00067,0.00012,0.66458,27.6927,0.001,0.00112,0.01826,0.00004,136.97214
Cicero De Officiis Part 3,philosophy,0.0012,0.00913,0.00035,0.00149,0.00024,0.00048,0.00079,0.00059,0,0.00003,0,0.00003,0.00005,0.00225,0.00234,0.00324,0.00177,0.00047,0,0.63982,25.97461,0.00124,0.00117,0.01395,0.00002,111.84919
Cicero De Optimo Genere Oratorum,philosophy,0.00115,0.00793,0.00057,0.00115,0.00011,0.00149,0.00161,0.00069,0,0,0,0,0.00011,0.00322,0.0031,0.00391,0.0008,0.00103,0,0.57353,27.40323,0.00126,0.00126,0.01896,0,114.48684
Cicero De Oratore Part 1,philosophy,0.00402,0.00834,0.00095,0.00083,0.00057,0.00034,0.00121,0.0004,0,0.00003,0.00002,0.00007,0.0001,0.00182,0.0021,0.00427,0.00115,0.00095,0.00048,0.80921,32.43449,0.00108,0.00076,0.0189,0.00001,250.32927
Cicero De Oratore Part 2,philosophy,0.00417,0.00883,0.00057,0.00077,0.00048,0.00076,0.00118,0.00043,0.00001,0.00001,0.00001,0.00005,0.00008,0.0031,0.00218,0.00393,0.00105,0.00067,0.00027,0.71692,29.48374,0.00115,0.00095,0.01817,0,199.41192
Cicero De Oratore Part 3,philosophy,0.00301,0.0083,0.00082,0.00089,0.00041,0.00091,0.00118,0.00056,0.00001,0,0,0.00007,0.00004,0.00305,0.00151,0.00362,0.00093,0.00078,0.00031,0.73048,33.01984,0.00077,0.00072,0.01977,0.00004,194.98125
Cicero De Partitione Oratoria,technical treatise,0.00081,0.00615,0.00047,0.00054,0.00022,0.00081,0.00088,0.00063,0,0.00004,0.00002,0.00002,0.00004,0.00276,0.00246,0.00446,0.00077,0.00047,0.00025,0.6106,36.37,0.00163,0.0007,0.02221,0,125.38427
Cicero De Provinciis Consularibus,oratory,0.0048,0.00837,0.00027,0.00082,0,0.00051,0.0011,0.00096,0,0.00003,0.00003,0.00003,0.0001,0.00158,0.00254,0.00319,0.00158,0.00206,0.0001,0.72857,35.52941,0.00045,0.00062,0.0132,0,162.00556
Cicero De Republica,philosophy,0.00253,0.00781,0.00051,0.001,0.00043,0.0005,0.00111,0.00056,0,0.00002,0.00001,0.00002,0.00011,0.00246,0.00146,0.00352,0.00117,0.00086,0.00019,0.5467,32.05479,0.00063,0.00117,0.01727,0.00001,129.59619
Cicero De Senectute,philosophy,0.00328,0.00599,0.00032,0.0011,0.00028,0.00034,0.00084,0.00045,0,0.00006,0.00002,0.00013,0.00011,0.00209,0.00138,0.00244,0.00134,0.00054,0.00034,0.62769,31.46917,0.0006,0.00108,0.01587,0.00013,120.80208
Cicero Divinatio In C Verrem Part 1,oratory,0.00456,0.008,0.00019,0.00122,0.00156,0.00056,0.00052,0.00052,0.00004,0,0,0.00007,0.00004,0.00241,0.00111,0.00385,0.00056,0.0017,0.00041,0.63768,36.99422,0.0007,0.00096,0.01319,0.00004,177.59211
Cicero Divinatio In C Verrem Part 2,oratory,0.0036,0.00784,0.00013,0.00141,0.00207,0.00052,0.00091,0.00034,0,0.00005,0.00002,0.00005,0.00011,0.00168,0.00145,0.00399,0.00205,0.00124,0.00013,0.55556,33.96546,0.0005,0.00093,0.01083,0.00006,120.87363
Cicero Divinatio In C Verrem Part 3,oratory,0.00326,0.0089,0.00026,0.00132,0.00241,0.00034,0.00077,0.00049,0,0.00007,0.00003,0.00006,0.00015,0.00227,0.00153,0.0048,0.00196,0.00128,0.00015,0.54286,33.78411,0.00041,0.00084,0.01177,0.00002,124.92087
Cicero Divinatio In C Verrem Part 4,oratory,0.00354,0.00733,0.00008,0.00111,0.00145,0.00038,0.00072,0.0005,0,0.00002,0.00001,0.00004,0.0001,0.00181,0.00163,0.00475,0.00323,0.00124,0.0002,0.44676,35.3048,0.00051,0.00107,0.01178,0.00003,106.02148
Cicero Divinatio In C Verrem Part 5,oratory,0.0033,0.00863,0.00017,0.00127,0.00205,0.00036,0.00064,0.00034,0.00001,0.00002,0.00001,0.00008,0.00007,0.00215,0.00095,0.0048,0.00195,0.00121,0.00017,0.54242,34.24567,0.00047,0.0008,0.01199,0.00003,116.37441
Cicero Divinatio In C Verrem Part 6,oratory,0.00373,0.00748,0.00017,0.00105,0.00172,0.00032,0.00084,0.00035,0,0.00002,0.00001,0.00005,0.0002,0.00184,0.00114,0.00416,0.00213,0.00117,0.00031,0.5149,37.36219,0.00036,0.00092,0.01303,0.00008,133.56174
Cicero Divinatio In Q Caecilium,oratory,0.00852,0.01012,0.00006,0.00106,0.00034,0.00025,0.00075,0.00025,0,0.00003,0.00009,0.00006,0.00013,0.0021,0.00232,0.00432,0.00207,0.0016,0.00016,0.67683,29.08584,0.00085,0.00081,0.01272,0,140.63877
Cicero Epistulae Ad Familiares Part 1 Ad Lentulum,letters,0.01111,0.00702,0.00042,0.00087,0.0001,0.00027,0.00084,0.00072,0,0,0.00002,0,0.00007,0.0028,0.00149,0.00504,0.00012,0.00129,0.0001,0.785,31.46064,0.00057,0.00079,0.01595,0,196.61463
Cicero Epistulae Ad Familiares Part 10 Ad Plancum Et Ceteros,letters,0.00958,0.00548,0.00014,0.00082,0.00011,0.0002,0.0008,0.00034,0.00004,0.00002,0.00002,0.00012,0.00007,0.00225,0.00209,0.00424,0.00034,0.0014,0.00009,0.5711,33.09929,0.00053,0.00069,0.01499,0.00004,124.46799
Cicero Epistulae Ad Familiares Part 11 At Brutum Et Ceteros,letters,0.01291,0.00555,0.00008,0.00082,0.00042,0.00034,0.00048,0.00025,0.00008,0.00003,0.00008,0.00008,0.00017,0.00252,0.00207,0.00419,0.00068,0.00161,0.00003,0.54985,34.15101,0.00065,0.00119,0.01313,0,99.79944
Cicero Epistulae Ad Familiares Part 12 Ad Cassium Et Ceteros,letters,0.01071,0.00625,0.00021,0.00072,0.00016,0.00028,0.00063,0.00026,0.00005,0.00002,0.00007,0.00021,0.00016,0.00281,0.00181,0.00427,0.00042,0.00128,0.00002,0.51908,35.58892,0.00037,0.00063,0.01623,0.00002,105.01951
Cicero Epistulae Ad Familiares Part 13 Ad Memmium Et Ceteros,letters,0.01349,0.00976,0.00017,0.00098,0.00022,0.00017,0.00123,0.00032,0,0.00002,0.00002,0.00003,0.00027,0.00377,0.00196,0.0051,0.00002,0.0026,0.00014,0.55631,33.95879,0.00035,0.00084,0.01628,0,133.08764
Cicero Epistulae Ad Familiares Part 14 Ad Terentiam Uxorem,letters,0.01669,0.00538,0,0.00032,0.0004,0.00024,0.00048,0.00024,0,0,0.00008,0,0,0.00345,0.00433,0.00241,0.00096,0.00241,0.00008,0.44737,30.52475,0.00056,0.0004,0.01533,0.00016,75.96951
Cicero Epistulae Ad Familiares Part 15 Ad Senatum Et Ceteros,letters,0.01179,0.00639,0.00016,0.00052,0.00013,0.00039,0.00076,0.00031,0,0.00003,0.00003,0,0.00005,0.00283,0.0017,0.00461,0.00026,0.00176,0.00029,0.64807,35.36137,0.00071,0.00121,0.01604,0,157.03292
Cicero Epistulae Ad Familiares Part 16 Ad Tironem,letters,0.01631,0.00553,0.00005,0.00041,0.00032,0.00009,0.00054,0.0005,0,0.00009,0,0.00018,0.00023,0.00394,0.00285,0.00308,0.00041,0.00163,0,0.38538,31.57962,0.00045,0.00032,0.0155,0,71.19355
Cicero Epistulae Ad Familiares Part 2 Ad Curionem Et Ceteros,letters,0.01425,0.00658,0.00021,0.00038,0.00034,0.00027,0.00099,0.00038,0,0.00003,0,0.00007,0.00021,0.00301,0.00206,0.00438,0.00096,0.00134,0.0001,0.59052,28.94094,0.00038,0.00075,0.01435,0.00003,112.71042
Cicero Epistulae Ad Familiares Part 3 Ad Claudium Pulchrum,letters,0.0153,0.00639,0.0003,0.00038,0.00038,0.00022,0.00101,0.00036,0.00003,0.00011,0.00008,0.00011,0.00011,0.00287,0.00219,0.00478,0.00107,0.00161,0.00014,0.65126,29.35463,0.00052,0.00126,0.01311,0,134.57353
Cicero Epistulae Ad Familiares Part 4 Ad Sulpicium Et Ceteros,letters,0.01127,0.0082,0.00028,0.00055,0.00015,0.00034,0.0015,0.00055,0.00003,0.00003,0.00003,0,0.00003,0.0023,0.00197,0.00322,0.00071,0.00138,0.00003,0.67857,27.78594,0.00095,0.00086,0.01643,0,130.7751
Cicero Epistulae Ad Familiares Part 5 Ad Metellum Et Ceteros,letters,0.01363,0.00653,0.00029,0.00029,0.00022,0.00038,0.00101,0.00036,0,0,0.00002,0.00007,0.00016,0.00262,0.00282,0.00412,0.00065,0.0015,0.00013,0.68027,29.69565,0.00081,0.00074,0.01669,0,138.81056
Cicero Epistulae Ad Familiares Part 6 Ad Torquatum Et Ceteros,letters,0.01158,0.00779,0.00013,0.00038,0.00018,0.00028,0.00117,0.00043,0,0,0.00003,0.00008,0.0003,0.00239,0.00213,0.00406,0.00038,0.00117,0.00023,0.64706,30.99444,0.00084,0.00091,0.01668,0,122.69782
Cicero Epistulae Ad Familiares Part 7 Ad Marium Et Ceteros,letters,0.01567,0.00642,0.00034,0.00047,0.00089,0.00039,0.00076,0.00031,0.00003,0.00003,0.00008,0.0001,0.00016,0.00259,0.00299,0.00367,0.00097,0.00131,0.00003,0.53665,29.99396,0.00042,0.00086,0.01507,0.00005,91.29426
Cicero Epistulae Ad Familiares Part 8 Caeli Epistulae Ad Ciceronem,letters,0.00864,0.00838,0.00016,0.00086,0.00022,0.00051,0.00032,0.00025,0.00003,0,0.00006,0.00016,0.00016,0.00232,0.00257,0.0047,0.0006,0.00064,0.00003,0.54704,30.00766,0.0006,0.0006,0.01251,0,103.25574
Cicero Epistulae Ad Familiares Part 9 Ad Varronem Et Ceteros,letters,0.01305,0.00785,0.00015,0.00042,0.00057,0.00035,0.00097,0.00052,0.00002,0.00005,0,0.00017,0.00012,0.0029,0.00247,0.00307,0.00155,0.0009,0.0001,0.49568,28.80268,0.00067,0.00102,0.01562,0.00002,98.53941
Cicero In Catilinam,oratory,0.00609,0.00738,0.0002,0.00099,0.00054,0.00011,0.00059,0.00047,0,0.00001,0.00001,0.00013,0.00003,0.00169,0.00192,0.00297,0.00135,0.00128,0.00051,0.57044,36.36957,0.00066,0.00052,0.01467,0.00006,135.68069
Cicero In L Pisonem,oratory,0.00739,0.00622,0.00019,0.00079,0.00074,0.00024,0.0009,0.00035,0.00002,0,0.00003,0.00005,0.00013,0.00164,0.00144,0.00293,0.00215,0.00149,0.00032,0.52603,35.17493,0.00037,0.00095,0.01216,0.00016,127.51738
Cicero In Vatinium,oratory,0.00872,0.00657,0.00016,0.0006,0.0002,0.00028,0.0006,0.0006,0.00004,0,0.00008,0.00004,0.00008,0.00195,0.00112,0.00506,0.00323,0.00187,0.00016,0.62963,32.168,0.00076,0.00123,0.01131,0,174.38889
Cicero Letters To Atticus Part 1,letters,0.01137,0.00821,0.0004,0.00058,0.00022,0.00042,0.00058,0.0004,0,0.00004,0,0.00006,0.0001,0.003,0.00132,0.00486,0.00048,0.0008,0.0001,0.46731,34.42092,0.00046,0.0008,0.01449,0.00004,92.50832
Cicero Letters To Atticus Part 10,letters,0.01052,0.00839,0.00013,0.00103,0.00061,0.00029,0.00126,0.00068,0.00005,0.00005,0,0.00037,0.00026,0.0021,0.00342,0.00481,0.00134,0.00087,0.00003,0.38213,27.40132,0.00079,0.00087,0.01502,0.00003,66.10957
Cicero Letters To Atticus Part 11,letters,0.0113,0.00986,0.00023,0.00088,0.00051,0.00048,0.00105,0.00042,0.00003,0,0.00011,0.00006,0.0002,0.00317,0.00269,0.00538,0.00059,0.00076,0.00003,0.51125,31.72533,0.00068,0.00051,0.01363,0,69.21961
Cicero Letters To Atticus Part 12,letters,0.01266,0.0076,0.00032,0.00029,0.00068,0.00038,0.0012,0.00045,0,0.00007,0,0.00018,0.00011,0.00336,0.00365,0.00487,0.00129,0.00032,0,0.40316,26.21615,0.00099,0.00059,0.01633,0.00002,58.86985
Cicero Letters To Atticus Part 13,letters,0.01167,0.00866,0.00033,0.00088,0.00075,0.00033,0.00088,0.00055,0.00002,0.00007,0.00002,0.00004,0.00011,0.00303,0.00305,0.00489,0.0018,0.00042,0,0.30623,27.57143,0.00072,0.00048,0.01599,0.00004,52.59285
Cicero Letters To Atticus Part 14,letters,0.01099,0.00713,0.00008,0.0009,0.0007,0.0002,0.00085,0.00031,0,0.00008,0,0.00003,0.00023,0.0027,0.00158,0.00459,0.00149,0.00065,0.00006,0.35741,30.83267,0.00042,0.00065,0.01451,0.00025,61.50953
Cicero Letters To Atticus Part 15,letters,0.01184,0.00829,0.00009,0.00126,0.00048,0.00045,0.00057,0.00042,0.00003,0.00006,0,0.00009,0.00015,0.00326,0.00212,0.00544,0.00212,0.00066,0,0.32668,32.44105,0.00093,0.0006,0.01472,0.00012,54.27273
Cicero Letters To Atticus Part 16,letters,0.01101,0.00792,0.0002,0.00071,0.00049,0.00051,0.00077,0.00034,0.00003,0.00003,0,0.00009,0.00031,0.00335,0.00194,0.00432,0.00137,0.00077,0.00003,0.35622,29.72862,0.00063,0.001,0.01573,0.00017,59.88527
Cicero Letters To Atticus Part 2,letters,0.01014,0.0082,0.00018,0.00125,0.00058,0.00033,0.00074,0.00018,0,0.00007,0.00009,0.00002,0.00013,0.00325,0.00256,0.00403,0.00138,0.00033,0.00004,0.39963,31.16109,0.00051,0.00071,0.01351,0.00004,74.15041
Cicero Letters To Atticus Part 3,letters,0.01398,0.00621,0.00007,0.00037,0.0004,0.00044,0.00095,0.00047,0,0.00007,0.00004,0.00004,0,0.00365,0.00343,0.00434,0.00095,0.00095,0,0.50871,31.39184,0.0008,0.00051,0.0142,0,87.50799
Cicero Letters To Atticus Part 4,letters,0.00973,0.00701,0.00021,0.00096,0.00035,0.00032,0.00085,0.00035,0,0.00003,0,0.00003,0.00011,0.00266,0.00213,0.00437,0.00115,0.00075,0,0.35088,32.75862,0.00048,0.00075,0.01268,0.00005,67.5
Cicero Letters To Atticus Part 5,letters,0.01043,0.00715,0.00013,0.00071,0.00005,0.00034,0.00087,0.0004,0.00003,0.00011,0,0.00019,0.00011,0.00302,0.00209,0.00487,0.00079,0.00071,0.00003,0.37291,30.60595,0.00045,0.00098,0.01265,0.00003,66.64021
Cicero Letters To Atticus Part 6,letters,0.01073,0.00773,0.00024,0.00074,0.00042,0.00027,0.00074,0.00027,0,0,0,0.00015,0.00006,0.00244,0.00169,0.00517,0.00184,0.00077,0,0.34416,30.13575,0.00036,0.00077,0.01316,0,64.35182
Cicero Letters To Atticus Part 7,letters,0.00925,0.00878,0.00015,0.00065,0.00041,0.00032,0.00118,0.00062,0,0.00004,0.00006,0.00017,0.00019,0.00265,0.00239,0.00505,0.00179,0.00095,0,0.37869,29.9096,0.00069,0.00069,0.01417,0.00004,67.28075
Cicero Letters To Atticus Part 8,letters,0.01051,0.00859,0.00017,0.00061,0.00027,0.00037,0.00096,0.00064,0.00002,0.00007,0.00005,0.00012,0.00029,0.0027,0.00214,0.00331,0.00125,0.00074,0.00002,0.5,29.83155,0.00079,0.00113,0.01333,0,86.83582
Cicero Letters To Atticus Part 9,letters,0.01047,0.00995,0.0003,0.00088,0.00034,0.00034,0.00099,0.00041,0,0,0,0.00011,0.00026,0.00299,0.00192,0.00377,0.00149,0.0008,0.00002,0.38699,30.2238,0.00065,0.00073,0.01474,0.00006,71.52234
Cicero Letters To Brutus,letters,0.00848,0.00689,0.00021,0.00073,0.00017,0.00042,0.00088,0.00044,0,0.00002,0.00006,0.00013,0.00017,0.00215,0.00228,0.00395,0.00004,0.00094,0.0001,0.51935,37.20045,0.00075,0.00065,0.01489,0,105.72008
Cicero Letters To Quintus,letters,0.00968,0.00748,0.00028,0.00099,0.00041,0.00027,0.00091,0.00034,0.00001,0.00002,0.00003,0.0001,0.00007,0.00265,0.00171,0.00427,0.00072,0.00112,0.00001,0.46718,35.20725,0.00054,0.0008,0.0151,0.00003,100.86558
Cicero Lucullus,philosophy,0.00342,0.00961,0.00043,0.00118,0.00062,0.00067,0.00116,0.00077,0.00003,0.00001,0.00001,0.00009,0.0001,0.00269,0.00232,0.00335,0.00167,0.00057,0.00009,0.63065,37.34707,0.00046,0.00105,0.01603,0.00001,126.22351
Cicero Orator,philosophy,0.0018,0.00776,0.00077,0.00058,0.00014,0.00101,0.00105,0.00095,0,0.00001,0,0.00008,0.00011,0.00277,0.00177,0.00368,0.00084,0.00074,0.00016,0.64043,32.25885,0.00081,0.00092,0.02026,0.00003,140.89986
Cicero Paradoxa Stoicorum Ad M Brutum,philosophy,0.00407,0.00612,0.00012,0.00107,0.00087,0.00043,0.00091,0.00047,0,0,0,0.00012,0.00004,0.00182,0.00269,0.00292,0.00411,0.00091,0.00028,0.48966,27.14371,0.00079,0.00075,0.01343,0.00004,105.93724
Cicero Philippicae Part 1,oratory,0.00494,0.00798,0.00049,0.00078,0.00078,0.00029,0.00093,0.00044,0.00005,0.0001,0.00005,0.00005,0.00005,0.00245,0.00171,0.00411,0.00338,0.00108,0,0.62092,31.96154,0.00034,0.00049,0.01233,0.00005,94.59722
Cicero Philippicae Part 10,oratory,0.00242,0.00777,0.0002,0.00091,0.00033,0.0002,0.00091,0.00052,0,0.00007,0.00007,0,0.00007,0.00163,0.00157,0.00346,0.00209,0.00163,0.00026,0.66667,33.00826,0.00085,0.00072,0.01339,0.00007,111.76642
Cicero Philippicae Part 11,oratory,0.00238,0.0071,0,0.00115,0.00017,0.00047,0.00059,0.00034,0.00004,0,0,0.00004,0.00004,0.00161,0.002,0.00344,0.00259,0.00183,0.00038,0.51351,32.28302,0.00119,0.00089,0.01326,0.00004,100.14894
Cicero Philippicae Part 12,oratory,0.00536,0.0069,0,0.00091,0.00017,0.00034,0.00051,0.00057,0,0.00006,0,0.00006,0,0.00183,0.00251,0.00331,0.00456,0.00148,0.00023,0.4031,33.175,0.00063,0.00086,0.01181,0,85.50732
Cicero Philippicae Part 13,oratory,0.00365,0.00747,0.00013,0.0009,0.00017,0.0004,0.00109,0.00046,0,0,0,0.0001,0.00013,0.00129,0.00239,0.00255,0.00292,0.00189,0.00013,0.44922,33.02247,0.0009,0.0006,0.01211,0.00013,89.1716
Cicero Philippicae Part 14,oratory,0.00282,0.00747,0.00015,0.00059,0.00035,0.0003,0.00104,0.00084,0,0.00005,0.00005,0.00005,0,0.00158,0.00129,0.00396,0.00163,0.00198,0.00025,0.55085,38.31707,0.00049,0.00089,0.01251,0.00005,135.75168
Cicero Philippicae Part 2,oratory,0.00766,0.00685,0.00016,0.00096,0.0007,0.00042,0.00073,0.00037,0.00006,0,0,0.00013,0.00005,0.00184,0.00166,0.00335,0.00367,0.00133,0.00006,0.46461,29.61179,0.00035,0.00097,0.01098,0.00006,82.19816
Cicero Philippicae Part 3,oratory,0.00249,0.00737,0.00027,0.00095,0,0.00023,0.00068,0.00045,0,0,0,0.00005,0.00009,0.0014,0.00136,0.00339,0.00262,0.00158,0.00018,0.43506,35.7767,0.0005,0.00081,0.01484,0.00005,107.32039
Cicero Philippicae Part 4,oratory,0.00395,0.00691,0,0.00099,0.00012,0.00025,0.00074,0,0.00012,0,0,0.00012,0,0.0016,0.0016,0.00173,0.00235,0.00222,0.00025,0.61017,34.22222,0.00025,0.00037,0.01296,0.00012,109.48649
Cicero Philippicae Part 5,oratory,0.00156,0.00768,0.00017,0.00086,0.0001,0.00026,0.00063,0.00033,0.00003,0,0,0.0001,0,0.00152,0.00169,0.00321,0.00278,0.00119,0.0002,0.55224,30.03825,0.00066,0.00073,0.01238,0.00007,108.63669
Cicero Philippicae Part 6,oratory,0.00416,0.00673,0.0001,0.00079,0.00059,0.0003,0.0003,0.0003,0,0,0,0.0001,0,0.00238,0.00188,0.00297,0.00396,0.00119,0.0001,0.47126,25.82258,0.0004,0.00069,0.01089,0.0001,82.14634
Cicero Philippicae Part 7,oratory,0.00375,0.00781,0.00008,0.00047,0.00008,0.00039,0.00055,0.00062,0.00016,0,0,0.00008,0.00008,0.00164,0.00164,0.00226,0.00406,0.00133,0.00016,0.44318,34.78462,0.00039,0.00101,0.01069,0,95.61194
Cicero Philippicae Part 8,oratory,0.00483,0.00742,0.00036,0.00121,0.00006,0.00036,0.00036,0.0003,0,0.00006,0,0.00006,0.00012,0.00193,0.00187,0.00296,0.0035,0.0006,0.00012,0.44805,29.03093,0.0006,0.00109,0.01219,0.00006,79.64423
Cicero Philippicae Part 9,oratory,0.0018,0.00815,0.00021,0.00095,0.00011,0.00032,0.00127,0,0,0,0.00011,0,0.00032,0.0018,0.00201,0.00265,0.00042,0.00085,0.00021,0.77778,33.7125,0.00106,0.00095,0.0128,0,145.4
Cicero Post Reditum In Senatu,oratory,0.00661,0.0045,0.00012,0.00072,0.00016,0.00044,0.00084,0.00104,0,0,0.00004,0.00008,0,0.00159,0.00167,0.00378,0.00143,0.00159,0.00016,0.68269,36.31613,0.00056,0.00123,0.01319,0,190.18182
Cicero Pro A Caecina,oratory,0.00439,0.0094,0.00009,0.00104,0.00059,0.00039,0.00091,0.00064,0,0.00004,0,0.00002,0.00016,0.00174,0.00328,0.00419,0.00249,0.0005,0.00009,0.61006,32.01567,0.00113,0.00122,0.01354,0,122.99119
Cicero Pro A Cluentio,oratory,0.00252,0.01023,0.00035,0.00127,0.00025,0.00043,0.00106,0.00059,0,0.00003,0.00002,0.00006,0.00007,0.0019,0.00143,0.00463,0.0017,0.0011,0.0002,0.57253,37.20994,0.00054,0.00092,0.01228,0,122.24665
Cicero Pro Archia,oratory,0.00401,0.0092,0.00062,0.00107,0,0.00051,0.00102,0.00079,0,0,0,0,0,0.00107,0.00181,0.00412,0.00152,0.00181,0.00068,0.69231,43.00901,0.00079,0.0013,0.01665,0.00006,151.46154
Cicero Pro Balbo,oratory,0.00245,0.00764,0.00036,0.0008,0.00023,0.00026,0.0009,0.00034,0.00003,0,0.00008,0,0.00018,0.00191,0.00248,0.0047,0.00206,0.00178,0.00036,0.6178,34.06696,0.00057,0.00093,0.0128,0.0001,153.20158
Cicero Pro C Rabirio,oratory,0.00494,0.00618,0.00005,0.00045,0.0006,0.00015,0.00065,0.00035,0,0,0,0,0.00025,0.001,0.00204,0.00409,0.00239,0.00135,0.00025,0.58772,32.8843,0.0008,0.00095,0.01301,0,140.25874
Cicero Pro C Rabirio Postumo,oratory,0.00405,0.01006,0.00013,0.00111,0.0004,0.00027,0.00093,0.00049,0,0,0.00004,0.00009,0.00004,0.00205,0.00267,0.00267,0.00223,0.00102,0.00018,0.47283,30.1831,0.00045,0.00053,0.01344,0.00009,97.66522
Cicero Pro Fonteio,oratory,0.00248,0.00672,0.00008,0.00065,0.0005,0.00027,0.0008,0.0005,0,0,0,0.00004,0.00011,0.00168,0.0016,0.00458,0.00237,0.0018,0.00004,0.66154,37,0.00118,0.00061,0.01391,0,145.42778
Cicero Pro L Flacco,oratory,0.00401,0.00644,0.00014,0.00119,0.00083,0.00033,0.00086,0.00043,0.00003,0.00002,0,0.00002,0.00005,0.00137,0.00199,0.00377,0.00282,0.00156,0.00021,0.4664,31.05497,0.00054,0.00091,0.01147,0.0001,96.26493
Cicero Pro Ligario,oratory,0.0078,0.00866,0.0004,0.00103,0.00057,0.00103,0.00109,0.00075,0,0.00006,0,0.00006,0.00017,0.00218,0.00264,0.00373,0.00287,0.00126,0.00006,0.57639,27.38849,0.00029,0.00126,0.01136,0,91.76842
Cicero Pro M Caelio,oratory,0.00374,0.00748,0.00037,0.00125,0.00104,0.00048,0.00104,0.00054,0.00002,0.00002,0,0.00004,0.00008,0.00154,0.00247,0.00376,0.00212,0.00147,0.00023,0.5627,36.22,0.00037,0.00091,0.01406,0.00004,118.2973
Cicero Pro Marcello,oratory,0.0049,0.0059,0.00053,0.00046,0.0006,0.00053,0.00113,0.0008,0,0,0,0,0.0002,0.00205,0.00133,0.00292,0.00093,0.00099,0.0002,0.60784,34.8785,0.00066,0.00113,0.01823,0,132.34211
Cicero Pro Milone,oratory,0.004,0.00932,0.00009,0.00131,0.00012,0.00015,0.0012,0.00038,0.00002,0.00002,0,0.00007,0.00014,0.00194,0.00258,0.00361,0.00266,0.0017,0.0001,0.56891,33.54372,0.00069,0.00088,0.01186,0.0001,121.96646
Cicero Pro Murena,oratory,0.00514,0.00656,0.00013,0.00057,0.00065,0.00027,0.00103,0.00082,0,0.00003,0,0.00007,0.00003,0.00174,0.00207,0.00322,0.00154,0.00165,0.00025,0.49153,35.70058,0.00077,0.00057,0.014,0,120.33534
Cicero Pro Plancio,oratory,0.00862,0.00854,0.00018,0.0007,0.00048,0.00042,0.00088,0.00059,0,0.00002,0.00003,0.00002,0.00018,0.00184,0.00248,0.00382,0.00211,0.00142,0.00019,0.6194,31.67562,0.00061,0.00074,0.0149,0.00002,122.1875
Cicero Pro Publio Quinctio,oratory,0.00455,0.00778,0.00004,0.00115,0.00084,0.00021,0.00111,0.00025,0,0.00006,0.00004,0.00013,0.0001,0.00224,0.00245,0.00405,0.00268,0.00078,0.00015,0.50562,32.58621,0.00038,0.00119,0.01103,0.00002,102.80603
Cicero Pro Q Roscio Comoedo,oratory,0.00448,0.00818,0.00004,0.00152,0.00012,0.00031,0.00047,0.00035,0,0.00004,0.00008,0,0.00008,0.00125,0.00261,0.00561,0.00608,0.0014,0,0.3444,29.45833,0.00058,0.00058,0.01165,0,65.65217
Cicero Pro Rege Deiotaro,oratory,0.00594,0.00789,0.00014,0.00149,0.00046,0.00005,0.00084,0.0006,0.00005,0.00005,0.00005,0.00005,0.00009,0.00139,0.00116,0.00371,0.00218,0.00149,0.00019,0.53595,35.78947,0.00037,0.00139,0.01421,0.00009,110.46154
Cicero Pro S Roscio,oratory,0.00379,0.0095,0.00004,0.00099,0.0008,0.00045,0.00113,0.00022,0,0.00001,0.00004,0.00014,0.00006,0.00247,0.00243,0.00447,0.00258,0.00127,0.00026,0.61943,34.80858,0.00029,0.00087,0.01318,0.00003,109.42534
Cicero Pro Scauro,oratory,0.00496,0.00738,0.00042,0.00169,0.00085,0.00042,0.00187,0.00048,0,0.00006,0,0.00006,0,0.00139,0.00212,0.00387,0.0026,0.00163,0.00024,0.51938,33.78846,0.00079,0.00079,0.01566,0,98.45238
Cicero Pro Sestio,oratory,0.00357,0.00753,0.00016,0.00136,0.00015,0.00049,0.00097,0.00065,0.00001,0.00001,0.00001,0.00005,0.00006,0.0017,0.00143,0.00424,0.00186,0.00149,0.00015,0.59165,36.53232,0.00067,0.00083,0.01359,0.00003,158.62336
Cicero Pro Sulla,oratory,0.00681,0.00873,0.00014,0.0014,0.00039,0.00033,0.00081,0.00047,0,0.00002,0,0.00002,0.00008,0.0018,0.00242,0.00427,0.00204,0.00136,0.00033,0.55806,33.23529,0.00052,0.00122,0.01307,0.00004,127.64109
Cicero Pro Tullio,oratory,0.00354,0.01019,0,0.00111,0.00055,0.00022,0.00155,0.00022,0,0,0,0.00011,0.00006,0.00327,0.00244,0.00365,0.00266,0.00055,0.00017,0.45833,29.1913,0.00055,0.001,0.0124,0,96.56684
Cicero Timaeus,philosophy,0.00137,0.00914,0.00029,0.00186,0.00004,0.00058,0.00099,0.00165,0,0,0,0,0.00004,0.00215,0.00091,0.00447,0.00008,0.00058,0.00054,0.71233,29.30806,0.00128,0.00099,0.02131,0,162.22148
Cicero Topica,philosophy,0.00143,0.00973,0.00064,0.00037,0.00003,0.00162,0.00056,0.00085,0.00003,0,0,0.00011,0,0.00276,0.00196,0.00528,0.00021,0.00013,0.00003,0.62422,30.42894,0.00109,0.00114,0.01557,0,113.91239
Cicero Tusculanae Disputationes Part 1,philosophy,0.00304,0.00819,0.00053,0.00109,0.00052,0.00062,0.00118,0.00044,0,0.00004,0.00004,0.00006,0.00012,0.0024,0.00205,0.00311,0.00251,0.00034,0.00015,0.55738,28.65336,0.00071,0.00103,0.01528,0.00003,103.64832
Cicero Tusculanae Disputationes Part 2,philosophy,0.00349,0.00758,0.00051,0.00106,0.00014,0.00038,0.00111,0.00081,0.00003,0,0,0.00016,0.00005,0.00249,0.00225,0.00317,0.00225,0.00043,0.00008,0.48505,30.16194,0.00106,0.00087,0.01385,0.00024,97.00262
Cicero Tusculanae Disputationes Part 3,philosophy,0.00247,0.00848,0.00039,0.00123,0.00029,0.00074,0.00103,0.00095,0,0.00004,0,0.00004,0.00002,0.00266,0.00187,0.00307,0.00187,0.00029,0.00012,0.61345,28.87958,0.00062,0.00093,0.0149,0.00006,108.69575
Cicero Tusculanae Disputationes Part 4,philosophy,0.0015,0.00711,0.00064,0.00102,0.0004,0.00127,0.00114,0.00056,0.00004,0,0,0.00017,0.00006,0.00252,0.00133,0.00385,0.00183,0.00021,0.00012,0.61639,29.6209,0.00083,0.00062,0.0161,0,123.59383
Cicero Tusculanae Disputationes Part 5,philosophy,0.00208,0.008,0.00051,0.00163,0.00039,0.00077,0.00101,0.00063,0.00002,0.00003,0,0.00005,0.00011,0.00209,0.00193,0.00282,0.0024,0.00064,0.00029,0.57828,30.42078,0.00087,0.00108,0.01543,0.00006,116.36704
Columella De Re Rustica Part 1,technical treatise,0.00064,0.00432,0.00023,0.00058,0.00019,0.00048,0.00056,0.00035,0.00004,0.00002,0,0.00012,0.00002,0.00188,0.00149,0.00287,0.00017,0.00112,0.00004,0.63736,36.83607,0.00087,0.00076,0.01838,0,160.86047
Columella De Re Rustica Part 2,technical treatise,0.00054,0.00404,0.00028,0.00016,0.0001,0.00049,0.0002,0.00051,0.00013,0.00012,0.00003,0.00021,0.00007,0.0017,0.00229,0.00234,0.00002,0.00076,0.00003,0.53349,34.39886,0.00068,0.00107,0.01931,0,135.76286
Columella De Re Rustica Part 3,technical treatise,0.00092,0.00471,0.00039,0.00015,0.0001,0.00031,0.00044,0.00048,0.00005,0.00007,0.00002,0.00012,0.0001,0.00194,0.00165,0.00318,0.00028,0.00128,0.00026,0.61064,34.98936,0.00053,0.00076,0.01765,0,149.69951
Columella De Re Rustica Part 4,technical treatise,0.00047,0.00394,0.00033,0.00044,0.00009,0.00035,0.00047,0.00044,0.00016,0.00015,0.00002,0.00031,0.00013,0.00205,0.002,0.00298,0.00009,0.00064,0.00011,0.53125,32.73874,0.00129,0.00073,0.01663,0,125.59589
Columella De Re Rustica Part 5,technical treatise,0.00048,0.00464,0.00019,0.00062,0.00002,0.00041,0.00041,0.00052,0.00007,0.00024,0,0.00011,0.00007,0.00186,0.00199,0.00363,0,0.00043,0.00011,0.41463,28.96831,0.0005,0.00067,0.01649,0,99.91434
Columella De Re Rustica Part 6,technical treatise,0.00022,0.00415,0.00038,0.00024,0.00004,0.00053,0.00038,0.0008,0.00005,0.00004,0,0.00015,0.00011,0.00166,0.00245,0.00314,0,0.00079,0.00007,0.40748,28.4127,0.00079,0.00093,0.01967,0.00002,106.64522
Columella De Re Rustica Part 7,technical treatise,0.00014,0.00384,0.00033,0.00016,0.00005,0.0004,0.00026,0.00042,0.00014,0.00005,0.00002,0.00037,0.00007,0.00186,0.00209,0.00279,0.00014,0.00123,0.0003,0.45322,28.91827,0.00077,0.00114,0.01968,0,115.56989
Columella De Re Rustica Part 8,technical treatise,0.00028,0.00485,0.00014,0.00032,0.0001,0.00068,0.00024,0.00054,0.00002,0.00004,0,0.00034,0.00008,0.00195,0.00167,0.00276,0.00002,0.00121,0.00012,0.57246,29.30864,0.00075,0.00087,0.01885,0,112.65772
Columella De Re Rustica Part 9,technical treatise,0.00029,0.00426,0.00026,0.00048,0.00024,0.00053,0.00029,0.00063,0.00002,0.00002,0,0.00029,0.0001,0.002,0.00185,0.00296,0,0.0007,0.0001,0.5342,29.08475,0.00072,0.00099,0.01734,0,126.77744
Curtius Rufus Historiae Alexandri Magni Part 10,history,0.00082,0.00467,0.00025,0.00126,0.00008,0.00055,0.00107,0.00063,0.00002,0.00002,0,0.00017,0.00006,0.00147,0.00055,0.00366,0.00038,0.00055,0.00004,0.45614,28.75781,0.00044,0.00063,0.01278,0,114.44337
Curtius Rufus Historiae Alexandri Magni Part 3,history,0.00058,0.00499,0.00014,0.00111,0.00002,0.00053,0.0012,0.00046,0.00005,0.00002,0,0.00002,0.00007,0.00104,0.00062,0.00252,0.00021,0.00046,0.00005,0.45098,28.28571,0.0003,0.00039,0.01268,0,118.27049
Curtius Rufus Historiae Alexandri Magni Part 4,history,0.00088,0.00397,0.0002,0.00111,0.00008,0.00059,0.00099,0.00047,0.00003,0,0.00003,0.00013,0.00004,0.00123,0.00067,0.00295,0.00034,0.00033,0,0.4688,27.25243,0.00039,0.00057,0.01237,0,111.36886
Curtius Rufus Historiae Alexandri Magni Part 5,history,0.00112,0.00412,0.0001,0.00122,0.00002,0.00055,0.00112,0.00045,0,0.00004,0.00002,0.00002,0.0001,0.00136,0.00089,0.00268,0.00022,0.00037,0.00002,0.47816,28.15356,0.00034,0.00039,0.01278,0,113.66816
Curtius Rufus Historiae Alexandri Magni Part 6,history,0.00223,0.00482,0.00018,0.00147,0.00007,0.00071,0.001,0.00042,0,0,0.00002,0.00022,0.00004,0.00121,0.00096,0.00283,0.0008,0.00038,0,0.49895,26.54154,0.00033,0.00049,0.01169,0.00002,106.31407
Curtius Rufus Historiae Alexandri Magni Part 7,history,0.00198,0.00481,0.00014,0.0009,0.00005,0.0006,0.00113,0.00044,0.00002,0.00002,0.00002,0.00025,0.00009,0.00164,0.00092,0.00299,0.00042,0.00044,0,0.51892,27.12827,0.00028,0.0006,0.01136,0.00002,97.71675
Curtius Rufus Historiae Alexandri Magni Part 8,history,0.00116,0.00415,0.0002,0.00111,0.00006,0.00067,0.00122,0.00043,0,0.00005,0,0.00008,0,0.00125,0.00055,0.00328,0.00029,0.00023,0.00003,0.49333,27.1075,0.00063,0.00073,0.01336,0,105.82068
Curtius Rufus Historiae Alexandri Magni Part 9,history,0.00165,0.00372,0.00012,0.00095,0.00004,0.00074,0.00091,0.00043,0.00004,0.00008,0.00002,0.00017,0.00006,0.00118,0.00056,0.00295,0.00047,0.00031,0.00002,0.4183,27.375,0.00039,0.00058,0.01284,0.00002,100.51452
Florus Epitome Bellorum Omnium Annorum,history,0.00018,0.0039,0.00034,0.001,0.00001,0.00032,0.00134,0.0003,0.00001,0,0.00001,0.00019,0.00004,0.00152,0.00077,0.00388,0.00048,0.00062,0.00048,0.3057,34.0864,0.00022,0.00085,0.014,0.00001,107.67054
Gellius Attic Nights Part 1,miscellaneous,0.00123,0.00715,0.00032,0.00065,0.00036,0.00079,0.00086,0.00049,0.00004,0.00002,0,0.00006,0.00006,0.00116,0.0011,0.00372,0.00041,0.00092,0.00065,0.55807,34.35244,0.00099,0.00062,0.01925,0,144.05391
Gellius Attic Nights Part 10,miscellaneous,0.00123,0.0067,0.00071,0.00055,0.00052,0.00073,0.0006,0.00058,0,0,0,0.00005,0.00003,0.00089,0.00118,0.0045,0.00052,0.00092,0.00063,0.49492,31.16738,0.00052,0.00089,0.01706,0.00003,122.09265
Gellius Attic Nights Part 11,miscellaneous,0.00231,0.00678,0.00035,0.00102,0.00035,0.00078,0.00078,0.00063,0.00004,0,0,0.00008,0.00027,0.00125,0.00157,0.00423,0.0002,0.00067,0.00055,0.6236,32.40223,0.00071,0.00106,0.0194,0,139.45355
Gellius Attic Nights Part 12,miscellaneous,0.00187,0.00657,0.00092,0.00095,0.00046,0.00059,0.00102,0.00059,0.00007,0,0,0.00013,0.00007,0.00125,0.00118,0.00358,0.00062,0.00053,0.00056,0.63483,30.84577,0.00079,0.00069,0.02017,0,155.31633
Gellius Attic Nights Part 13,miscellaneous,0.00203,0.00751,0.0007,0.00062,0.00027,0.00081,0.00056,0.00112,0.00002,0,0,0,0.0001,0.00128,0.00085,0.00466,0.00046,0.00054,0.00083,0.55807,31.55663,0.00041,0.00089,0.01834,0.00002,129.5496
Gellius Attic Nights Part 14,miscellaneous,0.0012,0.00685,0.00095,0.00051,0.00073,0.00102,0.00077,0.00139,0.00007,0.00004,0,0.00007,0.00004,0.00153,0.00149,0.00583,0.00058,0.00051,0.00084,0.69027,35.77348,0.00091,0.00058,0.02089,0,212.6124
Gellius Attic Nights Part 15,miscellaneous,0.00202,0.0071,0.00057,0.00082,0.00028,0.00044,0.00035,0.00088,0.00003,0,0,0,0.00003,0.00132,0.00095,0.00524,0.00009,0.00107,0.00025,0.54148,36.02703,0.00069,0.0011,0.01587,0,136.65086
Gellius Attic Nights Part 16,miscellaneous,0.00124,0.00749,0.00089,0.00093,0.00034,0.00079,0.00058,0.00041,0.0001,0,0,0.00003,0.00007,0.0012,0.0012,0.00454,0.00031,0.00048,0.00041,0.55721,31.26794,0.00055,0.00052,0.01928,0,138.57619
Gellius Attic Nights Part 17,miscellaneous,0.00097,0.00707,0.00054,0.00079,0.00043,0.00043,0.00086,0.00068,0.00002,0,0,0.00007,0.00029,0.00118,0.00075,0.00446,0.00032,0.00077,0.00061,0.55017,32.30566,0.00052,0.0007,0.01797,0,146.13245
Gellius Attic Nights Part 18,miscellaneous,0.00223,0.00652,0.00059,0.00102,0.00066,0.00066,0.00086,0.00078,0,0,0,0,0,0.00102,0.00105,0.0043,0.00062,0.0009,0.00055,0.59627,32.89759,0.00043,0.00102,0.01847,0,146.34286
Gellius Attic Nights Part 19,miscellaneous,0.00265,0.00663,0.00072,0.00061,0.00049,0.00057,0.00034,0.00038,0.00004,0,0,0.00011,0.00019,0.0011,0.0008,0.00428,0.00076,0.00091,0.00083,0.50888,35.89706,0.00053,0.00072,0.01969,0.00004,142
Gellius Attic Nights Part 2,miscellaneous,0.00139,0.00659,0.00084,0.00061,0.00043,0.00137,0.00043,0.00073,0,0,0,0.00012,0.00014,0.00125,0.00074,0.00437,0.00041,0.00043,0.00071,0.54872,34.30861,0.00069,0.00055,0.01893,0.00004,125.67734
Gellius Attic Nights Part 20,miscellaneous,0.00487,0.00595,0.00063,0.00041,0.00077,0.00081,0.00072,0.00054,0,0,0,0.00005,0.00014,0.0009,0.00176,0.00446,0.00104,0.00068,0.00086,0.50299,31.35537,0.00054,0.00041,0.0164,0.00005,116.22513
Gellius Attic Nights Part 3,miscellaneous,0.00097,0.00764,0.00035,0.00047,0.00027,0.001,0.00059,0.00094,0,0,0,0.00006,0.00018,0.00083,0.00103,0.00407,0.0003,0.00059,0.00062,0.55111,30.52427,0.00047,0.00083,0.0167,0,144.80769
Gellius Attic Nights Part 4,miscellaneous,0.0013,0.00734,0.00078,0.00042,0.00026,0.00078,0.00042,0.00068,0,0,0,0,0.00007,0.00134,0.00108,0.00466,0.00039,0.00042,0.00029,0.5654,34.19712,0.00078,0.00049,0.01715,0.00013,123.64113
Gellius Attic Nights Part 5,miscellaneous,0.00168,0.00739,0.00071,0.00096,0.00037,0.00059,0.00053,0.00053,0.00003,0,0,0.00003,0.00003,0.00087,0.00084,0.00472,0.00016,0.00062,0.00037,0.51029,31.51675,0.00075,0.00081,0.01749,0.00003,130.33603
Gellius Attic Nights Part 6,miscellaneous,0.00154,0.0073,0.00045,0.00091,0.00045,0.00071,0.00051,0.00045,0.00005,0,0.00005,0.00008,0.0002,0.00134,0.00111,0.00432,0.00058,0.00035,0.00081,0.51894,34.21659,0.00056,0.00078,0.0174,0,138.92632
Gellius Attic Nights Part 7,miscellaneous,0.0011,0.0066,0.00059,0.00123,0.00051,0.00063,0.00085,0.00063,0,0,0,0.00021,0,0.0014,0.00114,0.00419,0.00072,0.00093,0.00038,0.5125,33.81061,0.00047,0.00093,0.01811,0,134.30114
Gellius Attic Nights Part 8,miscellaneous,0.00217,0.0026,0.00217,0.00043,0.00043,0.00043,0.00043,0.00173,0,0,0,0,0,0.00043,0,0.00737,0,0.00173,0,0.61111,36.64706,0,0.00087,0.01646,0,128.22222
Gellius Attic Nights Part 9,miscellaneous,0.00095,0.0067,0.00058,0.00077,0.00033,0.00077,0.00066,0.00084,0,0,0,0.00007,0.00011,0.00113,0.00073,0.00466,0.00022,0.00069,0.00062,0.53234,30.63542,0.00077,0.00058,0.01877,0,132.57488
Gellius Attic Nights Part Pr,miscellaneous,0.00198,0.00757,0.00108,0.00054,0.00018,0.00216,0.00072,0.00072,0,0,0,0.00018,0.00018,0.00198,0.0009,0.00252,0.00018,0.00036,0.00054,0.67857,43.17778,0.00072,0.00036,0.02561,0,191.2069
Jerome Epistulae Selections,letters,0.00362,0.00412,0.00022,0.00072,0.00022,0.00063,0.0005,0.0002,0,0.00003,0,0.00019,0.00005,0.00165,0.00141,0.0034,0.00132,0.00031,0.00011,0.44373,30.5404,0.00048,0.0003,0.01442,0.00006,106.94987
Livy Ab Urbe Condita Books 21-30,history,0.00075,0.00419,0.00016,0.00119,0.00002,0.00062,0.00085,0.00039,0.00009,0.00001,0.00002,0.00012,0.00004,0.00151,0.00075,0.00462,0.00023,0.00019,0.00003,0.46308,32.93996,0.00056,0.00077,0.01343,0,149.66766
Livy Ab Urbe Condita Part 1 Books 1-10,history,0.00095,0.00408,0.00014,0.00138,0.00005,0.00063,0.00069,0.00044,0.00007,0.00001,0.00002,0.00011,0.00008,0.00148,0.00079,0.00433,0.00048,0.00021,0.00004,0.42959,34.19074,0.00041,0.00075,0.01172,0,134.08354
Livy Ab Urbe Condita Part 3 Books 31-40,history,0.0009,0.00475,0.00015,0.00127,0.00004,0.00063,0.00081,0.00051,0.0001,0.00001,0.00002,0.00011,0.00005,0.00148,0.00088,0.00458,0.00035,0.00018,0.00001,0.45044,32.00265,0.00053,0.00082,0.0125,0,137.36063
Livy Ab Urbe Condita Part 4 Books 41-45,history,0.00073,0.00462,0.00016,0.00131,0.00001,0.00067,0.00075,0.00044,0.00006,0.00001,0.00001,0.00009,0.00002,0.00146,0.00073,0.00464,0.0003,0.00016,0.00002,0.46786,31.27183,0.00051,0.00078,0.01184,0,130.46803
Marcus Mincuius Felix Octavius,philosophy,0.0022,0.00385,0.00015,0.00078,0.00038,0.00035,0.00101,0.00046,0.00001,0.00009,0,0.00046,0.00001,0.00195,0.00107,0.00316,0.00159,0.00028,0.00012,0.49431,30.1442,0.00048,0.00087,0.01833,0.00001,124.24818
Nepos Vitae,history,0.00046,0.00948,0.00017,0.00188,0.00003,0.00023,0.00058,0.00067,0.00007,0,0.00002,0.00007,0.00007,0.00225,0.00101,0.0038,0.00004,0.00058,0.00008,0.58907,30.92966,0.0004,0.00144,0.01268,0,118.97244
Petronius Satyricon,miscellaneous,0.00451,0.00389,0.00015,0.00071,0.00012,0.00039,0.0005,0.00029,0,0.00002,0,0.00027,0.00001,0.00151,0.00126,0.00237,0.00141,0.00078,0.00003,0.29362,28.33686,0.00032,0.00051,0.01489,0.00006,88.07062
Pliny The Elder Naturalis Historia Part 1 Books 1-5,miscellaneous,0.00012,0.00416,0.00023,0.00037,0.00001,0.00067,0.00048,0.00068,0.00001,0.00001,0.00001,0.00002,0.00003,0.00069,0.00029,0.00582,0,0.00042,0.0001,0.23969,33.9988,0.00017,0.00019,0.01033,0,72.22466
Pliny The Elder Naturalis Historia Part 2 Books 6-10,miscellaneous,0.00019,0.00491,0.00053,0.00076,0.00003,0.00101,0.00049,0.00082,0.00003,0.00002,0.00001,0.00004,0.00006,0.00124,0.00065,0.0038,0,0.0006,0.00012,0.3444,31.63497,0.00023,0.00035,0.01214,0,106.4213
Pliny The Elder Naturalis Historia Part 3 Books 11-15,miscellaneous,0.00014,0.00536,0.00076,0.00049,0.00002,0.00152,0.00055,0.00064,0.00004,0.00002,0,0.00004,0.00011,0.00144,0.00063,0.00398,0,0.00087,0.00026,0.33061,29.38161,0.0002,0.00041,0.01516,0,90.65268
Pliny The Elder Naturalis Historia Part 4 Books 16-20,miscellaneous,0.00019,0.00449,0.00061,0.00041,0.00002,0.00107,0.00059,0.00078,0.00008,0.00005,0.00001,0.00003,0.00008,0.00141,0.0013,0.00385,0,0.00098,0.0002,0.26839,27.92921,0.00033,0.00049,0.01661,0,86.61999
Pliny The Elder Naturalis Historia Part 5 Books 21-25,miscellaneous,0.00022,0.00476,0.00041,0.00042,0.00003,0.00105,0.00047,0.00083,0.00002,0.00001,0,0.00002,0.00006,0.00083,0.00081,0.00371,0,0.00089,0.00011,0.2458,27.79167,0.00029,0.00028,0.01616,0,82.84686
Pliny The Elder Naturalis Historia Part 6 Books 26-30,miscellaneous,0.00016,0.0041,0.00041,0.0005,0.00006,0.00087,0.00044,0.00092,0.00006,0.00001,0,0.00002,0.00009,0.00097,0.00127,0.00421,0,0.00067,0.00008,0.25894,29.83081,0.00024,0.0003,0.01475,0,106.92849
Pliny The Elder Naturalis Historia Part 7 Books 31-37,miscellaneous,0.00013,0.00525,0.00044,0.00053,0.00004,0.00092,0.00058,0.00093,0.00002,0.00002,0,0.00004,0.00006,0.00128,0.00062,0.00398,0,0.00072,0.00015,0.34877,30.98166,0.0002,0.00036,0.01475,0,101.86955
Pliny The Younger Letters Part 1,letters,0.00609,0.006,0.00045,0.00034,0.00034,0.00079,0.00139,0.00068,0,0.00006,0,0.00011,0.00011,0.00286,0.00167,0.0028,0.00074,0.00122,0,0.49593,28.96139,0.00076,0.00071,0.01665,0.00008,90.07398
Pliny The Younger Letters Part 10,letters,0.00567,0.00582,0.00031,0.0006,0.00026,0.0004,0.00076,0.0006,0,0.00003,0.00003,0.00014,0.00003,0.00214,0.00103,0.00386,0.00003,0.00174,0.00002,0.64317,32.19406,0.00145,0.00078,0.01297,0,127.29386
Pliny The Younger Letters Part 2,letters,0.00426,0.00567,0.00035,0.00033,0.0003,0.00081,0.00095,0.00035,0,0.00003,0.00003,0.00008,0.00005,0.00201,0.00141,0.00274,0.00065,0.00166,0,0.48753,32.09728,0.00079,0.00062,0.01493,0,96.44241
Pliny The Younger Letters Part 3,letters,0.00436,0.00553,0.00052,0.00052,0.00016,0.00055,0.00093,0.0008,0,0.00003,0,0.00016,0.00013,0.00239,0.00145,0.00319,0.00088,0.00145,0.00003,0.46705,31.3431,0.00042,0.00086,0.01477,0,101.38421
Pliny The Younger Letters Part 4,letters,0.00521,0.0056,0.00039,0.0005,0.00028,0.0005,0.00126,0.0005,0,0.00003,0.00003,0.00008,0.00008,0.00258,0.00132,0.00331,0.00106,0.00171,0.00003,0.44156,28.64542,0.00059,0.00092,0.01535,0.00003,84.77435
Pliny The Younger Letters Part 5,letters,0.00461,0.00518,0.0002,0.00072,0.00017,0.00092,0.00101,0.00052,0.00006,0.00003,0,0.00014,0.00009,0.00228,0.00153,0.00317,0.00043,0.00153,0,0.46779,29.99595,0.0004,0.00026,0.01538,0.00006,93.5876
Pliny The Younger Letters Part 6,letters,0.00545,0.0054,0.00031,0.00071,0.00008,0.00056,0.00094,0.00054,0,0.00003,0.0001,0.00015,0.00005,0.00262,0.00122,0.00278,0.00066,0.00155,0.00003,0.4108,29.91985,0.00054,0.00051,0.0161,0.00003,87.22222
Pliny The Younger Letters Part 7,letters,0.00652,0.00499,0.00031,0.00059,0.00028,0.00042,0.00105,0.00062,0,0,0,0.00023,0.00023,0.00269,0.00161,0.00258,0.00108,0.00156,0.00003,0.39378,28.53304,0.00074,0.00065,0.01643,0.00003,83.84798
Pliny The Younger Letters Part 8,letters,0.00297,0.00578,0.00053,0.0007,0.00011,0.00062,0.00118,0.00051,0,0.00011,0,0.00017,0.00006,0.00275,0.00126,0.00278,0.00109,0.00154,0.00003,0.55864,31.44366,0.00067,0.00051,0.0154,0.00003,99.00833
Pliny The Younger Letters Part 9,letters,0.00585,0.0062,0.00052,0.00058,0.00029,0.00075,0.00107,0.00038,0,0,0.00009,0.00026,0,0.00249,0.00159,0.00316,0.00098,0.00211,0,0.47594,29.90842,0.00049,0.00046,0.01596,0,85.2642
Pseudo Cicero In Sallustium,oratory,0.00958,0.00619,0.0001,0.0007,0.0003,0.0005,0.0007,0.0005,0,0,0,0,0.0001,0.00229,0.00279,0.00209,0.00209,0.0008,0,0.62821,33.07595,0.0001,0,0.01437,0,105.51579
Pseudo Quintilian Major Declamations,oratory,0.0046,0.0043,0.00014,0.00077,0.00038,0.00045,0.00057,0.00019,0,0.00004,0.00001,0.00027,0.00007,0.00179,0.00204,0.00305,0.00238,0.0008,0.00002,0.4028,25.91995,0.00041,0.00042,0.00923,0.00009,85.49157
Q Cicero On Running For Consul,technical treatise,0.00571,0.0094,0.00021,0.00122,0.00004,0.00046,0.00063,0.00034,0,0,0,0,0.00008,0.00449,0.0018,0.00461,0.00038,0.00046,0,0.72327,35.08969,0.00134,0.00055,0.01531,0,143.59036
Quintilian Institutio Oratoria Part 1,technical treatise,0.00121,0.00624,0.00098,0.00058,0.00008,0.00102,0.00075,0.00071,0.00003,0.00002,0.00001,0.00009,0.00004,0.00278,0.00146,0.0038,0.00106,0.00073,0.00013,0.57554,30.17009,0.00075,0.00083,0.01831,0.00003,122.95586
Quintilian Institutio Oratoria Part 10,technical treatise,0.0012,0.00647,0.00076,0.00107,0.00006,0.00074,0.00087,0.00054,0,0.00003,0.00001,0.00019,0.00009,0.00269,0.00147,0.00291,0.00066,0.0009,0.00026,0.60367,29.77425,0.00149,0.00057,0.01876,0,118.83844
Quintilian Institutio Oratoria Part 11,technical treatise,0.00098,0.00642,0.00104,0.00104,0.00008,0.00104,0.00098,0.00084,0.00001,0.00001,0.00002,0.0001,0.00009,0.00263,0.00125,0.00297,0.00086,0.00063,0.00034,0.50808,27.13059,0.00124,0.00082,0.0212,0.00001,116.21958
Quintilian Institutio Oratoria Part 12,technical treatise,0.00103,0.00654,0.0007,0.00091,0.00007,0.00073,0.00115,0.00057,0,0.00001,0.00005,0.00016,0.00008,0.00214,0.00177,0.00281,0.00146,0.00082,0.00022,0.61277,29.8738,0.00142,0.00069,0.01879,0,124.70627
Quintilian Institutio Oratoria Part 2,technical treatise,0.00112,0.00747,0.00088,0.00095,0.00009,0.00077,0.00103,0.00057,0.00003,0.00005,0,0.00014,0.00011,0.00214,0.00167,0.00373,0.00074,0.00067,0.00013,0.60284,29.21207,0.00092,0.00068,0.01908,0,128.22061
Quintilian Institutio Oratoria Part 3,technical treatise,0.00092,0.00745,0.00089,0.00048,0.00001,0.00133,0.00077,0.001,0.00001,0.00001,0,0.00005,0.00008,0.00246,0.00138,0.00407,0.0013,0.00051,0.00009,0.55825,27.60093,0.00104,0.00059,0.01767,0,104.31283
Quintilian Institutio Oratoria Part 4,technical treatise,0.00141,0.0064,0.00073,0.00069,0.0001,0.00054,0.00095,0.00038,0.00007,0.00004,0,0.00012,0.00003,0.00277,0.0023,0.00446,0.00079,0.00055,0.0001,0.62319,28.85083,0.00159,0.00085,0.01693,0,129.17702
Quintilian Institutio Oratoria Part 5,technical treatise,0.00115,0.00723,0.00064,0.00071,0.00008,0.00093,0.00094,0.00069,0.00001,0.00001,0.00002,0.00006,0.00004,0.00282,0.00249,0.0051,0.00087,0.00077,0.00007,0.59078,27.01722,0.00142,0.00073,0.01758,0.00001,122.73459
Quintilian Institutio Oratoria Part 6,technical treatise,0.00182,0.00764,0.00089,0.00063,0.00007,0.00076,0.00103,0.0007,0.00001,0.00001,0,0.00009,0.00003,0.0024,0.00167,0.00407,0.00098,0.00101,0.00013,0.59046,27.31474,0.00083,0.00106,0.01797,0.00007,118.38272
Quintilian Institutio Oratoria Part 7,technical treatise,0.00075,0.00743,0.00029,0.00079,0.00003,0.00082,0.00074,0.00082,0.00001,0.00001,0.00001,0.00003,0.00007,0.00249,0.00215,0.00588,0.00091,0.0006,0.00007,0.46628,26.81008,0.00152,0.00066,0.01624,0,94.1601
Quintilian Institutio Oratoria Part 8,technical treatise,0.00122,0.00843,0.00109,0.0006,0.00014,0.00113,0.00086,0.00073,0,0,0.00001,0.00014,0.00001,0.00262,0.00133,0.00408,0.00095,0.00068,0.00019,0.52848,28.39444,0.00076,0.00071,0.0186,0.00001,105.38109
Quintilian Institutio Oratoria Part 9,technical treatise,0.0019,0.00699,0.00095,0.00083,0.00011,0.00121,0.00078,0.00116,0.00001,0.00002,0.00001,0.00011,0.00004,0.00442,0.00152,0.0039,0.00132,0.00065,0.00016,0.53133,28.33567,0.00078,0.00089,0.02035,0.00005,108.68672
Sallust Catilina,history,0.00186,0.00587,0.00008,0.00118,0.00005,0.00139,0.00063,0.00032,0.00006,0.00002,0.00006,0.00017,0.00006,0.00044,0.00081,0.00444,0.00036,0.00009,0.00153,0.5,33.23708,0.0003,0.00003,0.01416,0.00002,128.19433
Sallust Histories,history,0.00503,0.00379,0.00004,0.00043,0.00013,0.00077,0.00034,0.00009,0.00004,0,0,0.00013,0.00021,0.0006,0.00205,0.0049,0.00128,0,0.00021,0.53374,33.70866,0.00072,0.00004,0.01675,0.00004,121.53886
Sallust Jugurtha,history,0.00172,0.00499,0.00006,0.00136,0,0.0014,0.00065,0.00039,0.00004,0.00001,0.00001,0.0001,0.00003,0.00036,0.0008,0.00489,0.00018,0.00002,0.00055,0.50816,32.42171,0.00029,0.00004,0.0159,0,132.21467
Scriptores Historiae Augustae Historia Augusta Part 1 Books 1-5,history,0.00034,0.00508,0.00023,0.00152,0.00007,0.00052,0.00074,0.00039,0.00004,0.00001,0,0.00003,0.00002,0.00216,0.00067,0.00479,0.00007,0.0007,0.00014,0.53559,36.21612,0.00033,0.00105,0.01502,0,164.0469
Scriptores Historiae Augustae Historia Augusta Part 2 Books 6-10,history,0.00067,0.00555,0.00025,0.00133,0.00007,0.00057,0.00091,0.00053,0.00002,0,0,0.00003,0.00002,0.0017,0.00061,0.00449,0.00023,0.00057,0.00009,0.5017,33.65328,0.00037,0.00113,0.01416,0,142.88177
Scriptores Historiae Augustae Historia Augusta Part 3 Books 11-15,history,0.00137,0.00727,0.0003,0.00132,0.0001,0.00062,0.00085,0.00062,0.00005,0,0,0.00003,0.00005,0.00238,0.00091,0.00424,0.00014,0.00085,0.00006,0.66981,33.15217,0.00046,0.00128,0.01419,0,191.76147
Scriptores Historiae Augustae Historia Augusta Part 4 Books 16-21,history,0.00129,0.00601,0.00036,0.00126,0.00013,0.0007,0.00074,0.00047,0.00005,0.00002,0,0.00007,0.00004,0.00254,0.00102,0.00404,0.00023,0.00075,0.00021,0.56569,32.79766,0.00035,0.00117,0.01563,0.00001,178.34901
Seneca Ad Lucilium Epistulae Morales Part 1 1-10,letters,0.00506,0.00686,0.0005,0.00158,0.00093,0.00065,0.00122,0.00022,0,0,0,0.00029,0,0.00183,0.00176,0.00316,0.00183,0.00057,0,0.41813,26.39487,0.00086,0.00065,0.01411,0,70.8626
Seneca Ad Lucilium Epistulae Morales Part 10 91-100,letters,0.00233,0.00688,0.00032,0.00126,0.00072,0.0008,0.00086,0.00045,0,0.00003,0.00003,0.00009,0,0.00117,0.002,0.00327,0.00196,0.00072,0.00003,0.40828,26.56949,0.00077,0.00043,0.01489,0.00001,80.04003
Seneca Ad Lucilium Epistulae Morales Part 11 101-110,letters,0.00357,0.00581,0.00045,0.00129,0.00082,0.0011,0.00075,0.00048,0,0.00009,0,0.00017,0.00002,0.00147,0.00218,0.0025,0.00209,0.00069,0.00002,0.4108,26.69382,0.0007,0.00051,0.01536,0.00002,79.58936
Seneca Ad Lucilium Epistulae Morales Part 12 111-120,letters,0.00372,0.00729,0.00051,0.00147,0.00082,0.00143,0.00073,0.00041,0,0.00003,0.00009,0.00017,0.00003,0.0016,0.0021,0.00302,0.00227,0.00031,0.00003,0.35598,25.11582,0.00079,0.00055,0.01465,0.00003,72.32593
Seneca Ad Lucilium Epistulae Morales Part 13 121-124,letters,0.00251,0.00753,0.00038,0.00198,0.00053,0.00099,0.00049,0.00034,0,0.00004,0,0.00019,0,0.00095,0.00183,0.00251,0.00221,0.00046,0,0.4,27.11538,0.00103,0.00061,0.01389,0,75.52586
Seneca Ad Lucilium Epistulae Morales Part 2 11-20,letters,0.00534,0.00688,0.00033,0.00113,0.00077,0.00064,0.00069,0.00028,0.00003,0.00003,0,0.00008,0,0.00154,0.00213,0.00308,0.00213,0.00041,0.00003,0.37447,28.3252,0.00113,0.00049,0.01474,0,70.69328
Seneca Ad Lucilium Epistulae Morales Part 3 21-30,letters,0.00553,0.00722,0.00031,0.00093,0.00093,0.00098,0.00108,0.00051,0,0.00005,0.00003,0.00023,0.00003,0.00177,0.00231,0.0028,0.00177,0.00039,0,0.40969,22.47687,0.00131,0.0009,0.01303,0.00003,74.39197
Seneca Ad Lucilium Epistulae Morales Part 4 31-40,letters,0.00479,0.00711,0.00022,0.00158,0.00132,0.00075,0.00061,0.00035,0,0,0.00004,0.00004,0.00009,0.00136,0.00233,0.00299,0.00228,0.00061,0.00004,0.41754,24.23204,0.0007,0.00031,0.01537,0,67.5638
Seneca Ad Lucilium Epistulae Morales Part 5 41-50,letters,0.00626,0.00759,0.00047,0.00087,0.00116,0.00116,0.00093,0.0005,0,0.00003,0.00007,0.00023,0,0.00153,0.0023,0.00293,0.00226,0.0006,0.00007,0.35616,26.1393,0.0007,0.00037,0.01258,0.0001,69.40647
Seneca Ad Lucilium Epistulae Morales Part 6 51-60,letters,0.0044,0.0071,0.00084,0.00123,0.00044,0.00042,0.00065,0.00044,0,0.00009,0,0.00026,0.00002,0.00163,0.00193,0.00354,0.00193,0.00084,0.00002,0.41104,25.27562,0.00084,0.00068,0.01477,0.00005,75.05944
Seneca Ad Lucilium Epistulae Morales Part 7 61-70,letters,0.00357,0.00756,0.00044,0.00128,0.00062,0.00082,0.0006,0.00058,0,0,0,0.0001,0.00008,0.00144,0.00186,0.00321,0.002,0.00084,0,0.3888,26.10448,0.0008,0.00044,0.01468,0.00008,70.89675
Seneca Ad Lucilium Epistulae Morales Part 8 71-80,letters,0.00321,0.00757,0.00033,0.00119,0.00047,0.00077,0.00107,0.00049,0,0.00004,0.00001,0.00011,0,0.0011,0.00279,0.00298,0.00185,0.00044,0,0.41318,27.85306,0.00063,0.0004,0.01517,0.00001,76.0457
Seneca Ad Lucilium Epistulae Morales Part 9 81-90,letters,0.00222,0.00657,0.00033,0.00103,0.00065,0.00083,0.00065,0.00039,0,0.00007,0.00001,0.00015,0.00005,0.00127,0.00194,0.00376,0.00187,0.00075,0.00003,0.42115,25.33529,0.00062,0.00054,0.01436,0.00002,78.53144
Seneca De Beneficiis Part 1,philosophy,0.00262,0.00566,0.00032,0.00176,0.00059,0.00131,0.00068,0.00041,0,0,0,0.00023,0,0.00172,0.00199,0.00299,0.00127,0.0005,0.00005,0.60209,25.32086,0.00063,0.00059,0.01814,0,100.92694
Seneca De Beneficiis Part 2,philosophy,0.0031,0.00671,0.0006,0.00145,0.00026,0.00077,0.00077,0.00045,0,0.00009,0.00006,0.00014,0.00006,0.00239,0.00259,0.00262,0.00154,0.00071,0,0.59672,24.14148,0.00148,0.00071,0.01356,0.00003,97.98886
Seneca De Beneficiis Part 3,philosophy,0.00259,0.00675,0.00077,0.0012,0.00037,0.00075,0.0008,0.00051,0,0,0.00008,0.00005,0.00008,0.0016,0.00251,0.00323,0.0027,0.00059,0,0.54225,23.8015,0.00032,0.00067,0.01364,0,97.81723
Seneca De Beneficiis Part 4,philosophy,0.00305,0.00747,0.00049,0.00169,0.0008,0.00112,0.00089,0.00049,0,0,0.00002,0.00012,0.00012,0.00162,0.00234,0.00323,0.00312,0.00073,0,0.52922,27.00719,0.00091,0.00059,0.01455,0,97.01591
Seneca De Beneficiis Part 5,philosophy,0.00355,0.00667,0.00051,0.00281,0.00026,0.00065,0.00105,0.00045,0,0.00011,0.00011,0.00017,0.00003,0.00167,0.00312,0.00307,0.00241,0.00051,0,0.51034,24.65737,0.00074,0.00054,0.01442,0.00003,94.43968
Seneca De Beneficiis Part 6,philosophy,0.00563,0.00723,0.00053,0.00133,0.00084,0.00084,0.00077,0.00033,0,0.00002,0.00002,0.00037,0.00012,0.00219,0.0027,0.00367,0.00205,0.00042,0,0.54412,24.19207,0.00065,0.00063,0.01467,0.00002,100.46963
Seneca De Beneficiis Part 7,philosophy,0.00351,0.00843,0.0004,0.00114,0.00054,0.00083,0.00029,0.0004,0,0,0,0.00014,0.00009,0.00163,0.00286,0.00334,0.00157,0.00063,0.00003,0.52595,25.28099,0.00063,0.00074,0.01372,0.00006,101.72384
Seneca De Brevitate Vitae,philosophy,0.00218,0.00728,0.00054,0.00159,0.00071,0.00093,0.00082,0.00031,0,0.00003,0.00003,0.00045,0.00006,0.00116,0.00099,0.00368,0.00212,0.0011,0,0.5057,32.77358,0.00037,0.00042,0.01147,0.00003,104.73294
Seneca De Clementia,philosophy,0.00207,0.00589,0.00027,0.00168,0.00029,0.00065,0.00059,0.00034,0.00002,0,0,0.00006,0.00002,0.00153,0.00178,0.00327,0.00117,0.00059,0.00002,0.56656,28.58125,0.00054,0.00052,0.01483,0.00006,126.60743
Seneca De Consolatione Ad Helviam,philosophy,0.00393,0.00712,0.00044,0.00136,0.00051,0.0008,0.00103,0.00036,0,0.00003,0.00005,0.00033,0.00003,0.00103,0.00116,0.00321,0.00141,0.00093,0.00003,0.53595,30.51394,0.00064,0.00028,0.01227,0.00008,107.7313
Seneca De Consolatione Ad Marciam,philosophy,0.00352,0.00586,0.0003,0.00116,0.00037,0.00062,0.00088,0.00013,0.00002,0.00009,0,0.00017,0.00004,0.00122,0.00146,0.00311,0.0014,0.00116,0,0.48246,31.72161,0.00037,0.00037,0.01362,0,115.54342
Seneca De Consolatione Ad Polybium,philosophy,0.00576,0.0091,0.00013,0.00134,0.00048,0.00115,0.00108,0.00076,0,0.00016,0,0.00003,0.00003,0.00124,0.00175,0.00309,0.00121,0.00076,0.00003,0.52282,29.62381,0.00086,0.00029,0.01334,0.00003,112.62007
Seneca De Constantia,philosophy,0.00204,0.00691,0.00057,0.00154,0.0004,0.00067,0.00044,0.0004,0,0,0,0.00013,0.00003,0.00161,0.00245,0.00272,0.00137,0.00037,0.00007,0.55924,33.05056,0.0005,0.0004,0.0171,0.00007,118.38492
Seneca De Ira,philosophy,0.00182,0.00539,0.00069,0.00144,0.00046,0.00091,0.00072,0.00031,0,0.00008,0.00001,0.00029,0.00006,0.00144,0.00185,0.00292,0.00213,0.00077,0,0.4518,29.69122,0.00071,0.00053,0.01623,0.00002,96.07326
Seneca De Otio,philosophy,0.00317,0.00812,0.00047,0.00205,0.00019,0.00112,0.00121,0.00028,0,0.00019,0,0,0.00009,0.00149,0.0028,0.00392,0.00196,0.00056,0,0.56579,31.22535,0.00103,0.00009,0.01409,0,110.46392
Seneca De Providentia,philosophy,0.00265,0.0056,0.00052,0.00126,0.00069,0.00026,0.001,0.00043,0,0,0.00004,0.00026,0,0.00121,0.00204,0.00286,0.00269,0.00095,0,0.46842,29.48993,0.00052,0.0003,0.0128,0,91.8247
Seneca De Tranquillitate Animi,philosophy,0.00284,0.00497,0.00081,0.00224,0.00018,0.00069,0.00074,0.00028,0,0.00002,0,0.00005,0.00002,0.00136,0.00143,0.00268,0.0012,0.00046,0,0.49211,32.21622,0.00099,0.00021,0.01669,0.00002,117.53533
Seneca De Vita Beata,philosophy,0.00396,0.00628,0.0004,0.00133,0.00062,0.00104,0.00082,0.00064,0,0.00005,0.00005,0.00012,0.0001,0.00124,0.002,0.00339,0.00232,0.00044,0,0.50993,28.5,0.00057,0.00027,0.01683,0.00005,102.67513
Seneca The Elder Controversiae Part 1,oratory,0.00452,0.00726,0.0003,0.0009,0.00055,0.00038,0.00051,0.0002,0,0.00009,0,0.0002,0.00002,0.00153,0.0019,0.00347,0.0028,0.00051,0,0.32834,27.95188,0.00062,0.00087,0.00937,0.00006,69.87852
Seneca The Elder Controversiae Part 10,oratory,0.00419,0.00766,0.00031,0.00079,0.00087,0.00051,0.00054,0.00033,0,0.00002,0.00002,0.00019,0.00005,0.00133,0.00274,0.00309,0.00293,0.00056,0.00002,0.30303,27.63123,0.00052,0.00073,0.00939,0.00009,63.99553
Seneca The Elder Controversiae Part 2,oratory,0.00449,0.00684,0.00022,0.00083,0.0006,0.0004,0.00042,0.00014,0,0.00007,0,0.00013,0.00003,0.0016,0.00226,0.00312,0.00306,0.00043,0.00003,0.31882,27.32678,0.00059,0.00085,0.0089,0,66.65481
Seneca The Elder Controversiae Part 7,oratory,0.00418,0.00652,0.00041,0.00092,0.00048,0.00046,0.00041,0.00034,0,0.00005,0,0.00013,0.00003,0.00137,0.002,0.00305,0.00275,0.00044,0,0.3,25.75529,0.00071,0.0008,0.00871,0.00004,62.32912
Seneca The Elder Controversiae Part 8,oratory,0.0042,0.00707,0.00024,0.00097,0.00068,0.00042,0.00058,0.0004,0.00002,0,0.00003,0.00042,0.00002,0.00162,0.00192,0.00349,0.00288,0.00034,0,0.30489,28.39222,0.00037,0.00092,0.00912,0.00002,63.43077
Seneca The Elder Excerpta Controversiae,oratory,0.00395,0.00527,0.00057,0.00094,0.00053,0.00034,0.00044,0.00017,0.00002,0.00006,0,0.00024,0.00001,0.00169,0.00219,0.00318,0.00251,0.00033,0.00002,0.2639,23.6539,0.00051,0.00065,0.00796,0.00004,52.48793
Seneca The Elder Fragmenta,oratory,0.0013,0.0039,0.0026,0.0013,0,0,0.0013,0.0013,0,0,0,0,0,0.0013,0.0026,0.0013,0,0,0,0.125,35,0,0,0.02468,0,96.25
Seneca The Elder Suasoriae,oratory,0.00279,0.00679,0.00021,0.00074,0.00041,0.00059,0.00088,0.00029,0,0.00003,0,0.00002,0.00007,0.00178,0.00185,0.00298,0.00172,0.00083,0.00007,0.35584,32.1162,0.00076,0.00078,0.0105,0.00014,90.03882
Suetonius De Vita Caesarum Part 1 Julius,history,0.00013,0.00289,0.00056,0.00165,0.00002,0.00051,0.00051,0.00041,0.00002,0.00002,0,0.00012,0.00008,0.00159,0.00069,0.00511,0.00008,0.00111,0.0002,0.5565,38.83007,0.0004,0.00056,0.01575,0,168.50975
Suetonius De Vita Caesarum Part 10 Vespasian,history,0.0001,0.00319,0.001,0.00164,0,0.00035,0.00055,0.00015,0.00005,0.00005,0,0.00015,0.00005,0.00169,0.0005,0.00503,0.00005,0.00115,0.00015,0.44355,41.44776,0.00035,0.00055,0.01625,0,160.504
Suetonius De Vita Caesarum Part 11 Titus,history,0,0.00239,0.00044,0.00196,0,0.00033,0.00044,0.00076,0.00011,0,0,0.00022,0.00022,0.00196,0.00065,0.00479,0,0.00163,0.00011,0.5283,37.37209,0.00022,0.00033,0.01938,0,173.32075
Suetonius De Vita Caesarum Part 12 Domitian,history,0.00018,0.00253,0.0004,0.00178,0,0.00027,0.00067,0.00027,0.00009,0,0,0.00018,0.00013,0.00173,0.0004,0.00475,0.00004,0.00124,0.00013,0.54745,39.83636,0.00009,0.0004,0.01656,0,163.23913
Suetonius De Vita Caesarum Part 2 Augustus,history,0.00041,0.00294,0.00053,0.00157,0.00002,0.00054,0.0005,0.00032,0.00009,0,0.00001,0.00011,0.00004,0.00171,0.00073,0.00507,0.00012,0.00072,0.00018,0.45238,39.14085,0.00034,0.00048,0.01865,0.00001,152.79783
Suetonius De Vita Caesarum Part 3 Tiberius,history,0.00069,0.00282,0.00072,0.00203,0.00002,0.00035,0.00049,0.00016,0.00005,0,0.00004,0.00011,0.00019,0.00201,0.00079,0.00521,0.00005,0.00079,0.00018,0.49459,41.67188,0.00033,0.0006,0.01696,0,152.24933
Suetonius De Vita Caesarum Part 4 Caligula,history,0.00012,0.0026,0.00054,0.00181,0.00002,0.00031,0.00043,0.00027,0.00008,0.00002,0.00002,0.00004,0.00014,0.00171,0.00062,0.00501,0.00006,0.00105,0.00016,0.45791,42.52577,0.00047,0.00047,0.01751,0,161.81333
Suetonius De Vita Caesarum Part 5 Claudius,history,0.0004,0.00271,0.0008,0.00177,0,0.00022,0.00065,0.00022,0,0,0,0.00005,0.00012,0.00157,0.00085,0.00574,0.00012,0.00075,0.00012,0.43066,36.46386,0.00042,0.0007,0.01745,0,144.16129
Suetonius De Vita Caesarum Part 6 Nero,history,0.00016,0.00277,0.00068,0.00172,0.00002,0.00036,0.0005,0.00024,0.00006,0,0,0.00008,0.00012,0.00198,0.00046,0.00475,0.0001,0.00088,0.00026,0.44554,40.77957,0.00036,0.00038,0.01716,0,161.98701
Suetonius De Vita Caesarum Part 7 Galba,history,0.00022,0.00331,0.00034,0.00123,0,0.00011,0.0005,0.00022,0,0,0,0,0.00011,0.00202,0.00039,0.00454,0.00011,0.00095,0.00011,0.51,44.31507,0.00022,0.00034,0.01637,0,174.87255
Suetonius De Vita Caesarum Part 8 Otho,history,0,0.00291,0.00068,0.00165,0,0.00049,0.00049,0.00039,0.0001,0,0,0,0.00019,0.00204,0.00058,0.00466,0.0001,0.00107,0.0001,0.49153,36.08108,0.0001,0.00049,0.01778,0,171.53333
Suetonius De Vita Caesarum Part 9 Vitellius,history,0.00013,0.00272,0.0008,0.00146,0,0.00066,0.00053,0.0006,0,0,0,0,0.00007,0.00153,0.00046,0.00545,0,0.00093,0.00033,0.44444,41.92308,0.0004,0.0006,0.0168,0,185.87654
Tacitus Agricola,history,0.00095,0.00234,0.00024,0.00052,0.00002,0.00048,0.00095,0.00038,0,0,0.00005,0.00005,0.00002,0.00124,0.00076,0.0031,0.00012,0.001,0.00002,0.41176,36.49032,0.00026,0.00024,0.01859,0,142.68027
Tacitus Annales Part 1,history,0.00037,0.00297,0.00027,0.00083,0.00004,0.00074,0.00055,0.00061,0,0.00001,0.00003,0.00018,0.00004,0.00139,0.00081,0.00401,0.00043,0.00033,0.00004,0.42827,37.61569,0.0004,0.00022,0.01475,0.00001,133.06496
Tacitus Annales Part 11,history,0.0005,0.00353,0.00027,0.00061,0,0.00047,0.0004,0.00067,0,0.00007,0.00003,0.00017,0.00017,0.00104,0.00084,0.00363,0.00027,0.00064,0.00007,0.43961,41.90678,0.00034,0.0002,0.01419,0.00007,138.29767
Tacitus Annales Part 12,history,0.00036,0.00342,0.00006,0.00062,0,0.00034,0.00049,0.00038,0,0,0,0.00019,0.00015,0.0011,0.00089,0.00337,0.00004,0.00021,0.00006,0.41888,40.18232,0.00034,0.00017,0.01528,0,138.19355
Tacitus Annales Part 13,history,0.00021,0.00385,0.00025,0.00083,0,0.0006,0.00046,0.0005,0.00002,0,0.00002,0.00017,0.00012,0.00137,0.001,0.00352,0.00023,0.00031,0.00006,0.52201,38.91509,0.00027,0.00019,0.01511,0,146.43902
Tacitus Annales Part 14,history,0.00058,0.00334,0.00016,0.00087,0.00002,0.0004,0.00056,0.00044,0.00002,0,0.00004,0.00028,0.00014,0.00121,0.00095,0.00286,0.00054,0.0002,0.00008,0.47175,41.81481,0.00062,0.00018,0.01586,0,132.06037
Tacitus Annales Part 15,history,0.00023,0.00308,0.00019,0.00087,0,0.00049,0.00054,0.00038,0,0.00002,0,0.00035,0.00014,0.00113,0.00064,0.00364,0.0001,0.00026,0.00007,0.48677,39.344,0.00021,0.00009,0.01641,0,149.61719
Tacitus Annales Part 16,history,0.00033,0.00346,0.00021,0.00078,0.00012,0.00053,0.00062,0.00062,0,0,0,0.00033,0.00008,0.00132,0.00095,0.00366,0.00008,0.00016,0.00004,0.49708,37.49123,0.00041,0.00012,0.0158,0,139.71839
Tacitus Annales Part 2,history,0.00031,0.00325,0.00026,0.00087,0.00003,0.00061,0.0003,0.00064,0,0.00003,0.00003,0.00017,0.00003,0.00142,0.001,0.00401,0.00012,0.00034,0.00008,0.40169,37.41841,0.00034,0.00028,0.0157,0,133.63825
Tacitus Annales Part 3,history,0.0005,0.00358,0.00021,0.00074,0.00005,0.00052,0.00059,0.00057,0,0,0.00003,0.0001,0.00003,0.00152,0.00099,0.00408,0.00033,0.00043,0.00016,0.42588,39.7166,0.00057,0.00033,0.01616,0.00002,129.90337
Tacitus Annales Part 4,history,0.00048,0.00401,0.00024,0.00082,0.00005,0.00064,0.00053,0.00056,0,0.00003,0.00005,0.00016,0.00006,0.00158,0.00089,0.00408,0.00016,0.00023,0.00006,0.4642,41.15415,0.00035,0.00034,0.01613,0,140.08578
Tacitus Annales Part 5,history,0.00094,0.00438,0.00031,0.00063,0,0.00047,0.00031,0.00047,0,0,0.00016,0.00031,0.00016,0.00125,0.00031,0.0047,0.00016,0.00063,0,0.39535,36.40909,0.00016,0.00031,0.01612,0,145.18182
Tacitus Annales Part 6,history,0.00051,0.00326,0.00016,0.00062,0,0.00042,0.00032,0.00072,0,0.00002,0,0.00032,0.00009,0.00099,0.00058,0.00406,0.00023,0.00039,0.00014,0.45645,40.70556,0.00025,0.00025,0.01558,0,146.82034
Tacitus De Origine Et Situ Germanorum Liber,history,0.00024,0.00344,0.00051,0.00063,0,0.00045,0.00088,0.00082,0,0,0.00003,0.00009,0.00018,0.00163,0.00115,0.00386,0.00009,0.00063,0.00009,0.35714,34.475,0.00015,0.00018,0.0208,0,111.50842
Tacitus Dialogus De Oratoribus,philosophy,0.00261,0.00511,0.00042,0.00063,0.00018,0.00057,0.00131,0.00044,0,0.00004,0.00009,0.00007,0.00011,0.0018,0.00136,0.00333,0.00096,0.00066,0.00007,0.64437,38.75472,0.0005,0.00055,0.02268,0,162.27164
Tacitus Historiae Part 1,history,0.00074,0.00208,0.00023,0.00057,0.00004,0.0005,0.00058,0.00046,0,0.00007,0.00005,0.00019,0,0.00161,0.00053,0.00357,0.0002,0.0005,0,0.35102,34.83628,0.00041,0.00024,0.01601,0,146.74206
Tacitus Historiae Part 2,history,0.00034,0.0022,0.00027,0.00076,0,0.00043,0.00094,0.00036,0,0.00004,0.00005,0.00014,0.00008,0.00124,0.00043,0.00367,0.00006,0.00059,0,0.34301,35.45726,0.00028,0.00022,0.01446,0,141.2554
Tacitus Historiae Part 3,history,0.00008,0.00264,0.00017,0.00082,0,0.00039,0.00075,0.00031,0,0.00003,0.00003,0.00025,0.0001,0.00141,0.00068,0.00334,0.00027,0.00043,0,0.36315,34.80645,0.00031,0.00017,0.01469,0,124.10745
Tacitus Historiae Part 4,history,0.00066,0.00245,0.00022,0.00068,0.00002,0.00053,0.00055,0.00064,0,0.00006,0.00004,0.0001,0.00004,0.00129,0.00067,0.00331,0.00028,0.00055,0,0.39268,37.05502,0.00027,0.00013,0.01518,0,131.21154
Tacitus Historiae Part 5,history,0.00042,0.00272,0.00014,0.00047,0,0.00047,0.00051,0.00033,0,0,0.00005,0.00014,0.00005,0.00103,0.00061,0.00384,0.00009,0.00042,0.00005,0.34118,34.57353,0.00019,0.00023,0.01573,0,123.47399
Tertullian Apologeticum,philosophy,0.00232,0.00455,0.00028,0.00067,0.00044,0.00065,0.0011,0.00054,0.00002,0.00004,0.00001,0.00021,0.00003,0.00163,0.00218,0.00621,0.00173,0.00047,0.00011,0.4404,30.55307,0.0006,0.00058,0.0166,0.00009,98.4736
Tertullian De Spectaculis,philosophy,0.00102,0.00526,0.00024,0.00059,0.00035,0.0004,0.00121,0.00038,0,0,0,0.00008,0,0.0015,0.0014,0.00604,0.00169,0.0003,0.00003,0.41892,32.73973,0.00054,0.00051,0.0174,0,103.73538
Valerius Maximus Facta Et Dicta Memorabilia Part 1,history,0.00045,0.00499,0.00016,0.00151,0.00004,0.00014,0.00059,0.00053,0.0001,0,0.00002,0.00012,0.00002,0.00112,0.00041,0.00345,0.00023,0.001,0.00008,0.63509,39.93023,0.00055,0.00096,0.01122,0,172.56419
Valerius Maximus Facta Et Dicta Memorabilia Part 2,history,0.0006,0.00459,0.00013,0.00128,0.00005,0.00002,0.00034,0.00054,0.00002,0,0,0.00005,0.00005,0.00134,0.0006,0.00289,0.00038,0.00103,0.00007,0.59877,42.31313,0.0008,0.00067,0.01195,0.00002,161.20991
Valerius Maximus Facta Et Dicta Memorabilia Part 3,history,0.00093,0.00513,0.00016,0.00172,0.00009,0.00016,0.00063,0.00056,0.00005,0.00002,0.00002,0.00018,0.00009,0.00125,0.0006,0.00283,0.00035,0.00121,0.00004,0.58912,40.52013,0.00051,0.00083,0.01203,0,162.51143
Valerius Maximus Facta Et Dicta Memorabilia Part 4,history,0.00042,0.00575,0.00021,0.00168,0.00023,0.00017,0.00054,0.00059,0.00003,0,0.00002,0.00003,0.00007,0.0011,0.00065,0.00283,0.00054,0.00093,0.00009,0.57101,40.13793,0.00056,0.00084,0.01267,0.00003,152.61333
Valerius Maximus Facta Et Dicta Memorabilia Part 5,history,0.00078,0.00536,0.0001,0.00145,0.00011,0.00026,0.0008,0.00052,0,0.00002,0.00005,0.00005,0.00011,0.00125,0.00068,0.0028,0.00054,0.0014,0.00005,0.59053,37.20767,0.0006,0.00062,0.01251,0,157.83548
Valerius Maximus Facta Et Dicta Memorabilia Part 6,history,0.00087,0.0058,0.00011,0.00184,0.00011,0.00024,0.00059,0.00065,0.00004,0,0.00006,0.00007,0.00007,0.00133,0.00065,0.00289,0.00041,0.00119,0.00004,0.51233,39.96337,0.00046,0.00087,0.01148,0,139.36693
Valerius Maximus Facta Et Dicta Memorabilia Part 7,history,0.00048,0.0051,0.00036,0.00125,0.00008,0.00023,0.00065,0.00065,0.00008,0,0.00004,0.00019,0.00004,0.00155,0.00067,0.00272,0.00025,0.00142,0.00006,0.58844,39.63985,0.00061,0.00079,0.01204,0,156.82295
Valerius Maximus Facta Et Dicta Memorabilia Part 8,history,0.0003,0.00517,0.00031,0.0012,0.00011,0.00022,0.00059,0.00065,0.00002,0,0.00007,0.0002,0.00011,0.00139,0.00067,0.00304,0.00035,0.00152,0.00007,0.62573,38.96904,0.00054,0.00078,0.01158,0,151.20728
Valerius Maximus Facta Et Dicta Memorabilia Part 9,history,0.0004,0.00453,0.00013,0.00157,0.00009,0.00013,0.00072,0.00061,0.00002,0,0.00007,0.00025,0.00002,0.00119,0.00049,0.00287,0.00072,0.00094,0.00011,0.59701,40.96552,0.00049,0.00079,0.01233,0.00002,148.4933
Vitruvius De Architectura Part 1,technical treatise,0.0004,0.00415,0,0.00019,0.00003,0.00046,0.00019,0.00022,0,0.00003,0.00003,0.00005,0.00005,0.00108,0.00124,0.00564,0.00003,0.00024,0.00003,0.54148,38.74332,0.00084,0.00073,0.01729,0,161.23478
Vitruvius De Architectura Part 10,technical treatise,0.00012,0.00552,0.0001,0.00055,0.00002,0.00045,0.00031,0.00068,0,0.00004,0,0,0,0.00072,0.0007,0.00483,0,0.00022,0,0.4962,34.94425,0.00065,0.00106,0.01283,0,129.43544
Vitruvius De Architectura Part 2,technical treatise,0.00019,0.00656,0.00005,0.00097,0,0.00058,0.00032,0.00027,0,0.0001,0,0,0,0.00061,0.00095,0.00703,0,0.00029,0,0.5,36.1267,0.00044,0.00165,0.01689,0,138.97635
Vitruvius De Architectura Part 3,technical treatise,0.00008,0.00468,0,0.00008,0,0.00016,0.00028,0.0004,0,0,0.00004,0.00004,0,0.00089,0.00145,0.00464,0,0.00032,0.00004,0.47159,33.96183,0.00056,0.00048,0.01464,0,140.85795
Vitruvius De Architectura Part 4,technical treatise,0.0002,0.00421,0.00004,0.00016,0,0.00055,0.00035,0.00066,0,0,0.00004,0.00004,0,0.00039,0.00133,0.00503,0,0.0002,0.00008,0.44615,40.61364,0.00047,0.00039,0.01299,0,131.46154
Vitruvius De Architectura Part 5,technical treatise,0.00013,0.0044,0,0.00046,0,0.00024,0.00019,0.00027,0.00003,0,0.00003,0.00005,0.00005,0.00054,0.00116,0.00569,0,0.00057,0.00005,0.55833,37.18779,0.00078,0.00089,0.01352,0,154.44583
Vitruvius De Architectura Part 6,technical treatise,0.00041,0.00497,0,0.00029,0,0.00057,0.00016,0.00041,0,0.00003,0,0.00003,0.00003,0.00067,0.00115,0.00519,0.00003,0.00061,0.00003,0.43578,39.90541,0.0007,0.00105,0.01506,0,143.39726
Vitruvius De Architectura Part 7,technical treatise,0.00035,0.00482,0.00006,0.0011,0,0.00061,0.00014,0.00026,0,0.00003,0.00003,0.00006,0,0.00098,0.00142,0.00572,0.00009,0.00017,0,0.46667,36.36527,0.00055,0.0017,0.01401,0,142.45679
Vitruvius De Architectura Part 8,technical treatise,0.00015,0.00587,0,0.00079,0,0.00067,0.00028,0.00037,0,0.00009,0,0,0.00006,0.00052,0.00226,0.00669,0,0.00073,0,0.55844,34.56744,0.00061,0.00122,0.01775,0,141.671
Vitruvius De Architectura Part 9,technical treatise,0.00019,0.00615,0.00006,0.00072,0,0.00083,0.00019,0.00052,0,0.00003,0.00006,0.00003,0,0.00047,0.0005,0.00684,0.00003,0.00028,0.00003,0.47426,34.94054,0.00063,0.00143,0.01408,0,132.90476